unique_id,share_share_text_item,index
ebd5a80ea2a83090be165ae8301d186f,Tamil funny video ð¤£ð¤£ð¤£#fun #funny #funnyvideos #funtimes #tamil #trendingreels,0
921da009668974f0b71e44824939201e,"Wait for end ð
.
.
#aggipettimacha #telugumemes #telugucomedy #telugupranks #telugutrolls #uppalbalu #aggipette #viral #telugutiktok #lokulukakulu #telugufunnymemes #btechbadithulu #telugucomedytrolls #uppalbal #telugucinema #tiktoktelugu #telugufunnytrolls #memes #telugumovies #aggipettamacha #telugufunnyvideos #telugumemepage #telugucomedyvideos #prankvideos #telugumusically #telugucomedymemes #trolls #sudigaalisudheer #trending #telugufun",0
5523728a841a31782ff3a2ef6bfced69,"#heinsenberg tag uh

 #college #collegelife #cool #jailer #anirudhravichander #anirudh #nelson #jailer2",0
1845709ca2974e857da94f5ed579f4c1,"â¡ï¸ Feeling the heat! ð¥ Weâre burning up the dance floor with the electrifying beats of âDaavudiâ from the sensational #Devara! ð¥
Team Abhinaya is back",0
1845709ca2974e857da94f5ed579f4c1,"and weâre bringing the fire! ð¥ð¥ð¥ Watch us groove to this absolute banger. ððº

Actors in frame: @meghanath_babu @jahnavi4371 @__rishi.__ @sujith._._.20 @ruchirzpov__ @sriya_kummara 

VC: @p.sanjay_sharwan @saibaba_7 

#DevaraDance #TeluguCinema #DanceReel #AbhinayaTeam #TeluguSongs #BollywoodDance #DanceCover #InstaReel #Trending #DanceLife #DevaraMovie #sahiti",1
7dd447a3838badab5c80c104c29dce08,"ð¾ð¤ð¡ð¡ððð©ðð£ð ð¢ð¤ð¢ðð£ð©ð¨ ð´

.
.
.
.
.
.
#munnar #kodaikanal #megamalai",0
6ae8d4d6474258cebda6e0ac4ee1ffda,"What Broke me so hard ? ðï¸ð¨

Wonderful cinematography by : @black_out_abi @varshanviki 
  Edit by : @srillexram 

Bike: @director_of_photographer_",0
e62fa572d0bc52e9df74dfc94a2543a7,"retroðï¸
.
.
.
#kerala #keralagallery #bike #gt #continental #gt650 #650 #bikers #bikelife #ride #bikersofinstagram #royalenfield #interceptor650 #interceptor #reels #retro #chill #vibe #motorcycle #vintage #day #summer #sunday #sun #road #clips #bike",0
f3078a51dad35b37a3eeba77c2b679aa,"MY REALITY IS JUST DIFFERENT 
THAN YOURSâ ï¸

.
.
.
.
.
.
.
.
.
.
.
.
#trending #ktm #ktmduke #ktmduke390 #ktmduke250
#ktmindia #bike #bikelife #bikersofinstagram #kerala #keralatourism #keralatrip #keralagodsowncountry #ride #kochi #moto #maxwrist #maxwristarmy #naturephotography #travelphotography #superbike #yamaha #r #honda #agv #moodygram_kerala #instamotogallery #follow4followback #remix",0
880c2ac13ab36d094e34927a4b6bfdac,Pehli baar sab ne ladki ko ignore karke ladke pe focus Kiya ð,0
