unique_id,share_share_text_item,index
fcddc2219d08a479cd058551fa6ccfa5,"ð¥
.
.
.
.
#dank#danktamil#tamildank#memes#tamilmemes#reel#tamilreel#tvk#vijay#thalapathy",0
5190968f1d941e0d17bcb0ad78fb7caf,"Follow more videos â¤ï¸.....

 #oldreels
#trending 
#mgr 
#mgrsongs",0
71e421c39737cf8ae53fe72963b7124c,"ð¯ð¥
.
.
.
#collegelyf #juniorsenior",0
ffa5bdc28541a8fb746645b22ee5c973,"à®à¯à®³à®¿à®¤à¯à®¤à®²à¯: à®µà®à¯à®¯à®¿à®²à¯ à®à®¿à®à®¨à¯à®¤ à®à®²à®¿ - à®à¯ à®à®à¯à®à¯à®à¯ à®¨à®à®°à®¾à®à¯à®à®¿ à®à®´à®¿à®¯à®°à¯à®à®³à¯ à®à¯à®²à¯

#SunNews | #Kulithalai | #FoodSafety",0
299c1078cbaa1396436948c2d0c0bb07,Vellore Pulimedu falls #pulimedu_waterfalls #vellorefalls #vellorevillage #velloretourism #kalaianandvlogs #velloreeruthukattuvideos #vellorecity #velloreforttemple,0
ee23f197ea80c2c49bb0c0f8e3ceb9bc,"Tag Your I phone Friends ð
 #justfun #iphone #youropinion #costly #appelproducts #apple",0
d2516a35b8182addb7ed0c4bbebe4c16,"DM FOR PAID PROMOTION- @hyd_ka__rider
.
.
.
.
.
#viral #trending #instagood #funnyvideos #instagram #trendingreels #funny #foryou #friendship #frinds #snacktime #snap #snapchatlover #delete #engament #explorepage #explorepage #edits #food #tapri #foodphotography #instagram",0
faea043ade91479972d75f11e8aee265,"Asingma pochu kumaaruð
.
.
.
Note: i do not own the copyright for the music video and song in the audio. This video is purely for entertainment purpose only and not meant for monetization
.
.
.
#trending #viral #instagram #explore #instagood #love #reels #follow #trend #like #india #instadaily #tiktok #followforfollowback #likeforlikes #foryou #trendingreels #trendingnow #ilaiyaraja #memes #tamilmusic #amma #appa #ilaiyaraja #insta #dhanush #balumahendra #priyamani #adhuorukanakaalam #18plus",0
368b9f2ea199123218d4408af03eed0a,ðâ¤ï¸,0
40712438976b758d1a8e3c0d23a91eaa,Obsessed with this filter â¥ï¸,0
ffda9a75eb19933684ff9bb0dff19bd7,"enna aaluga vro neengað°

#tamilmemes #tamildank",0
7781f699c661b4b75ece0df915e9070b,"Cuteà® à®ªà¯à®à¯à®±à®¾à®à¯à® | #andhagan #prasanth 

#cute #moviereview",0
36d349cfa2b0288078f41b9a78c90a20,"Tag your bhaiðð«ð¿â¦..

#fypã· #reels #bhaiâ¤ï¸ #brother #friends #bro #reelsinstagram #viralvideos #video #tranding #explore #bhaicharaðª #gang #brothergang",0
d86672ff35255595e2b795c901bf8121,"Tag that chunk ð¤¡ð¥±

#ece 

#eee 

#cse 

#mech

#civil

#annauniversity 

#thirukkuvalai

#trend 

#crush 

#crushmemes 

#loveislove",0
943612480cd9cf962070b81921cae553,Edit now ðª,0
5ab933cbb1278024ed8d08cfda4a63ff,"Take long exposure photos with the ReeHeld appð¥ð±
To download the application",0
5ab933cbb1278024ed8d08cfda4a63ff,"go to my profile header and click the Reeheld linkð
@reeflexcamera",1
08d9e8ccd9ae935aa94a5a83180e472f,"3rd Umpire ðð
No problem! Here's the information about the Mercedes CLR GTR:

The Mercedes CLR GTR is a remarkable racing car celebrated for its outstanding performance and sleek design. Powered by a potent 6.0-liter V12 engine",0
08d9e8ccd9ae935aa94a5a83180e472f,"it delivers over 600 horsepower.

Acceleration from 0 to 100 km/h takes approximately 3.7 seconds",1
08d9e8ccd9ae935aa94a5a83180e472f,"with a remarkable top speed surpassing 320 km/ h.

Incorporating advanced aerodynamic features and cutting-edge stability technologies",2
08d9e8ccd9ae935aa94a5a83180e472f,the CLR GTR ensures exceptional stability and control,3
08d9e8ccd9ae935aa94a5a83180e472f,"particularly during high-speed maneuvers.

Originally priced around $1.5 million",4
08d9e8ccd9ae935aa94a5a83180e472f,"the Mercedes CLR GTR is considered one of the most exclusive and prestigious racing cars ever produced.

Its limited production run of just five units adds to its rarity",5
08d9e8ccd9ae935aa94a5a83180e472f,making it highly sought after by racing enthusiasts and collectors worldwide.,6
f2ef960a213eb38498e48ec0a3978e06,"Buy me a golden jhumka ðâ¨ð©·

#explore
#explorepage
#exploremoreÙ
#trending
#á´Êá´É´á´ÉªÉ´É¢É´á´á´¡ #trendingsong #trendingdance #fyp #fypage #foryoupage #feedfeed #dance #jackline #viralreel #viralvideo #viralsong #viralpost #viralexplore #guwahati #assam #northeast #pinksaree #sareestyle",0
e9382b325454fa01ba951f4a42e70f28,"post workout pump ð
.
.
.
.
.
.
.
#fitness #fitnessmotivation #workout #pump #postworkoutpump #legday #legsfordays #fitnessgirl #girlswholift #gymgains #gymreels #gymgirl #gymgirlsdaily",0
c1bfeaf0d189cf1d16a734f3b7a641a0,U are not the best duo.... meanwhile us,0
a76214b57ce948fd01cb5bae1038f2ea,"No problem! Here's the information about the Mercedes CLR GTR:

The Mercedes CLR GTR is a remarkable racing car celebrated for its outstanding performance and sleek design. Powered by a potent 6.0-liter V12 engine",0
a76214b57ce948fd01cb5bae1038f2ea,"it delivers over 600 horsepower.

Acceleration from 0 to 100 km/h takes approximately 3.7 seconds",1
a76214b57ce948fd01cb5bae1038f2ea,"with a remarkable top speed surprising 320 km/h.ð¥

Incorporating adventure aerodynamic features and cutting-edge stability technologies",2
a76214b57ce948fd01cb5bae1038f2ea,the CLR GTR ensures exceptional stability and control,3
a76214b57ce948fd01cb5bae1038f2ea,"particularly during high-speed maneuvers. ð¨

Originally priced at around $1.5 million",4
a76214b57ce948fd01cb5bae1038f2ea,"the Mercedes CLR GTR is considered one of the most exclusive and prestigious racing cars ever produced. ð°

Its limited production run of just five units adds to its rarity",5
a76214b57ce948fd01cb5bae1038f2ea,making it highly sought after by racing enthusiasts and collectors worldwide. ð,6
550b65341e3e3837bc95f5515a2bfb6f,Comment your favourite colour ð #reels #reelsinstagram #instagram #instagood #love e,0
33033a9fb31f3ea9705232f263bc0037,"ðMy Ganks students ð
#follow #shop #model #14kíì° #ððððð»ððâ¤ï¸ðððððððððððððâ£ï¸â£ï¸â£ï¸ #ðð¤£ð¤£ð¤£â¤ï¸â¤ï¸â¤ï¸â¨ðð",0
069acdbef7e7cfbf332cc7499266a621,The Porsche 911 GT3 is a high-performance homologation model of the Porsche 911 sports car. It is a line of high-performance models,0
069acdbef7e7cfbf332cc7499266a621,"which began with the 1973 911 Carrera RS.

The GT3 has had a successful racing career in the one-make national and regional Porsche Carrera Cup and GT3 Cup Challenge series",1
069acdbef7e7cfbf332cc7499266a621,"as well as the international Porsche Supercup supporting the FIA F1 World Championship.

The engine of the 996 GTâs and Turbo set it apart from 996 Carrera models",2
069acdbef7e7cfbf332cc7499266a621,"as it shared nothing with the standard so-called âintegrated dry sumpâ (eg. wet-sump) flat-six engine used in the water-cooled 996 Carrera engine introduced in MY1999. The 996 GT engine is naturally aspirated and based on.

The Mezgerâ racing engine used in the 962 and 911 GT1 race cars. That engine was known as the âMezgerâ engine",3
069acdbef7e7cfbf332cc7499266a621,after its designer Hans Mezger. The engine uses the original air-cooled 911âs versatile dry-sump crankcase,4
069acdbef7e7cfbf332cc7499266a621,with an external oil reservoir. The 996 GT3 has 360 PS (265 kW; 355 hp),5
069acdbef7e7cfbf332cc7499266a621,"compared to the 300 PS (221 kW; 296 hp) of the standard 996.

In GT3 configuration",6
069acdbef7e7cfbf332cc7499266a621,this so-called âsplitâ crankcase (meaning the parting line of crankcase is on the crankshaft centreline) uses,7
069acdbef7e7cfbf332cc7499266a621,instead of a fan and finned cylinders,8
069acdbef7e7cfbf332cc7499266a621,separate water jackets added onto each side of the crankcase to cool banks of three cylinders with water pumped through a radiator.,9
940228fcc9ba57c34311ae259b9868d1,"Save this for later ð¸

#phototricks #photohacks #igphoto #photoideas #poseideas",0
b72aff6862e52ef6e2dd036cf70b37eb,"Ok appa ðð»
. 
. 
. 
. 
#friendship #friends #bestie #girls #boys #gang #bf #gf #college #school #office #life #tamil #memes #comedy #instagram #reality #real #reletable #vadachennai #dhanush #ilamthalir",0
1516e51a7d5216b5009b851a259e2ac1,brothers from another motherâ¤ï¸,0
36bbc4809b3d7229b489df2587942fce,"ðð
. 
. 
. 
. 
. 

#friend
#love 
#photography 
#funnyvideos 
#joker #memes 
#floow #jk
#jktamil
#gpmuthu
#jktemplate
#chammakchallo
#syms_editz
#jkversion
#funny
#thukkudha
#comedy
#memecomedy
#humorhttps",0
231a00477ac378fd2c7c6540c09d7cd4,"Natulaa Vachaen nenachiya dhas ... ðð¥²

If you like this content please follow and support ð
______________________________________
""I don't own the audio and picture. The credits go to the respective owners. This video is purely fan-made",0
231a00477ac378fd2c7c6540c09d7cd4,and will not be used for profit or illegal Sharing. Fair Use: 'Copyright Disclaimer Under Section 107 of the Copyright Act1976,1
231a00477ac378fd2c7c6540c09d7cd4,"allowance is made for ""fair use"" for purposes such as criticism",2
231a00477ac378fd2c7c6540c09d7cd4,comment,3
231a00477ac378fd2c7c6540c09d7cd4,news reporting,4
231a00477ac378fd2c7c6540c09d7cd4,teaching,5
231a00477ac378fd2c7c6540c09d7cd4,scholarship,6
231a00477ac378fd2c7c6540c09d7cd4,"and research. Fair use is a use permitted by copyright statute that might otherwise be 
""This video is purely fan-made",7
231a00477ac378fd2c7c6540c09d7cd4,"if any problem please DM at the video will be immediately removed.""
_______________________________________
#love 
#tamillove 
#trust 
#truelove 
#tamillovekavithaigal 
#tamilkavithai 
#loveyou
#lovestory 
#lovestatustamil 
#loveislove 
#lovely 
#tamillovefailuresong 
#tamilmusic 
#tamilkavithaigal 
#tamillovers 
#tamilstatus",8
6d535446a247ee647b8a1d07abc9b6bd,"Comment "" PLAN ""  and  Check your Dm 
ONLY FOLLOWERS WILL GET DMS - One day trip from Coimbatore 110kms - 3hrs of travel - Valparai Nature heaven.

Much more important - PLEASE RIDE SAFE AND WEAR HELMETS AND THE ROADS WERE SLIGHTLY SLIPPERY SO BE AWARE 
.
The monsoon has started so Valparai is covered with mist bed and fog. So I hope this is the perfect time for visiting Valparai and other spots around Valparai ð¯ 

(VALPARAI",0
6d535446a247ee647b8a1d07abc9b6bd,Valparai,1
6d535446a247ee647b8a1d07abc9b6bd,monsoon,2
6d535446a247ee647b8a1d07abc9b6bd,trip,3
6d535446a247ee647b8a1d07abc9b6bd,travel,4
6d535446a247ee647b8a1d07abc9b6bd,tamilnadu,5
6d535446a247ee647b8a1d07abc9b6bd,India,6
6d535446a247ee647b8a1d07abc9b6bd,Ooty,7
6d535446a247ee647b8a1d07abc9b6bd,Kodaikanal,8
6d535446a247ee647b8a1d07abc9b6bd,Coimbatore,9
6d535446a247ee647b8a1d07abc9b6bd,Chennai,10
6d535446a247ee647b8a1d07abc9b6bd,Tamil Nadu,11
6d535446a247ee647b8a1d07abc9b6bd,blogger,12
6d535446a247ee647b8a1d07abc9b6bd,"travel vlogger)
.
FollowÂ @krishz_vlogsÂ for More videos â
Also check out these pages for more interesting updates : @coimbatoretourism @indiatourismoffcl
@valparai_paradise
@valparai_nature_travel
#naturephotographyÂ #natureloversÂ #erodeÂ #erodecityÂ #travelÂ #travelbloggerÂ #travelphotographyÂ #travelgramÂ #coimbatorenðÂ #oneday
#tamilnadutourismÂ #travelawesome
#traveldeeperÂ #hillsÂ #lordmuruganÂ #exploreÂ #exploremoreÂ #travellingÂ #instatravelÂ #instagoodÂ #instavibesÂ #instalike Â #instareels Â #reels Â #instagram",13
d882579c6589c115caef7a6b3e75fce7,"Tag that gem..ðð«

#friends #friendshipgoals #natpu #natpuforeverððððððð #nanban",0
d151ddf179acf778028cb61d4060b083,"Etha evalavu nala na notice panalaye ð§. 
. 
. 
. 
. 
. 
. 
. 
. 
. 
. 
. 
#love #dhoni #comedy #cricket #instagram #vadivelu #romanticcouples #sureshraina #instareels #football #vishal #soori #garudanusantara #cinema #vijay #suriya",0
5868c4038ddfc47f28e0f545d17ba190,Letâs danceð¦¥â¨,0
f246060d3d27525fc287a583f917865c,"ðââï¸

#fyp #explorepage #trendingreels #reelsinstagram #instagram #foryou #reelitfeelit #reelsvideo #tamil #fypage",0
a9e62d801f872a5b3c44a366787bc97f,Gana song ðð#follow #trending #trendingreels #tamil,0
78bbb0179958a7f7bfd0cb83cda47e92,"Athuthan gethu Puriytha ðð¥
.
.
.
.
.
.
.
#cheems #cheemsmeme 
#cheemsmemes #cheemsmemestamil 
#trending #viral #reels #tamilmelody",0
7b514bae32a3839282f31c99edd1c391,"The most wonderful day in my life â¤ï¸ 
.27th May 
.my little princess coming to my life ð§¬A daughter is one of the best gifts this world has to give.â
.mom _@alvina_vidhu 
Dad_@vi_dh_un_ 
.
.
.
#baby #love #babygirl #babyboy #kids #cute #newborn #family #babyshower #bebe #babies #photography #instagood #handmade #babylove #pregnant #happy #instagram #momlife #fashion #beautiful #girl #cutebaby #babyfashion #pregnancy #like #mom #photooftheday #babiesofinstagram #follow",0
39d187c1c60d251450fd29dc461c9c38,Gpay,0
39d187c1c60d251450fd29dc461c9c38,phonepe scams ð«â #comedy #tamil #tamilcomedy #fun,1
649cd363a502f4d64d7c30680caa5e91,"à®¤à®©à®¿à®¯à®¾à® à®à¯à®©à¯à®± à®à®¿à®±à¯à®®à®¿à®¯à¯ à®¤à¯à®°à®¤à¯à®¤à®¿ à®à®à®¿à®à¯à® à®®à¯à®¯à®©à¯à®± à®¨à®¾à®¯à¯à®à®³à¯ - à®à®°à¯à®à®à¯à®à®° à®µà®¾à®à®© à®à®à¯à®à®¿ à®¨à®¾à®¯à¯à®à®³à¯ à®µà®¿à®°à®à¯à®à®¿ à®à®¿à®±à¯à®®à®¿à®¯à¯ à®ªà®¤à¯à®¤à®¿à®°à®®à®¾à® à®à®©à¯à®ªà¯à®ªà®¿ à®µà¯à®¤à¯à®¤ à®à®¿à®à®¿à®à®¿à®µà®¿ à®à®¾à®à¯à®à®¿..

#polimer #polimernews #Dog #Thiruppathur #CCTV #DogBite #StreetDog",0
1adfbc5d73bfffe99c7fe25398bb84a0,"Tag the frd uh ðð¤£

#instagramreels

#reel #reels #instagram

#instagramreelsndia

#reelitfeelit #feelitreelitthanioruvan #attitude

#aravindswamy

#attitudereels #boysattitude

#friends #fackfriends

#friendshipgoals

#energy #partner

#followersinstagram

#crimepartner

#trendingreels #viral

#notivation

#bollywood #kolywood

#tamilcinema #trending",0
11c6d7d54adb258eaa5ad24672fd0d39,"ððð ðððð© ðððð¡ ðð£ð ð©µð«¶ð»

#duke200 #ktm #ktmofficial #ktmindia #ktmduke390
#dukelover #ktmlover #duke390 #ktmkerala #bike #bikeride #riding #riderofinstagram #reelsinstagram #trendingsongs #reels #iphone14 #photography #video #explore #explorepage #viral #reelitfeelit #ridelife #motorcycle #trending #rc390 #motolife",0
0497dc3056d876955f98f998df885c40,"Tag u r driver frnd â¤ï¸
 Natpey thunaið¥
#friends 
@rishi_rishi_2730 
@abdulmalik536 
@thavasiofficial_17 
@001_jolly_dream 

#friendship 
#Sunday
#Trending",0
745153c2b913ceee9581e9d14433827e,ð¤£ð¤£ð¤£,0
ca3a40db6669654ea3dd1e0b33d8ae8e,"ð³ï¸âðð¤¡

#kia #kiaseltos #kiamotors #cars #reels",0
c10dff22bb6e543c61de59fed27f1829,ðââï¸ð¤¸ââï¸,0
8b094337e0f3053d2df858d72ef36a47,@saatti à®à¯à®à¯à®à®ªà¯à®à®¿à®à¯à® à®ªà¯à®¯ à®à®¾à®°à¯ ###à®à¯à®®à®¾à®©à¯ðªð°ð¬ð°ð¬ð°ð¬ðª,0
40802ba56ed11a635d5c6550d2af4383,"Sorry Tempered ð¥²

#Shivajimeme
#mobilememe
#temperedglass",0
92c262c7392b516d61cc0e34a8ee35c8,"Tag them 
.
.
Free useful tips and news about 1win - itâs all hereð
ð@1win_india ð
.
.
#reels #reelsinstagram #explore #explorepage #trendingnow",0
b9602e6dd5b470c730949649162617b8,"Must Try watersport activities in Varkala â±ï¸
Buy Tickets from kerala official tourism counter 

Price listâï¸
Floating Jetty-120
ATV-250
Speed Boct-400
Banana Boat-450
Jet Atack-450
Jet Ski-500
Crazy Sofa-500

#foodblogger #foodingoooo #foodtalkindia #foodinsta #coimbatore #varkaladiaries #varkalabeach #varkalanightlife #varkalacliff",0
d2c015eb5679a18a6d28502031411262,"Tourist Spot In "" Dandeli ""âï¸â¥ï¸

Note it Down ðð¥â¥ï¸

[ Dandeli Wildlife Sanctuary",0
d2c015eb5679a18a6d28502031411262,Kali River,1
d2c015eb5679a18a6d28502031411262,Syntheri Rocks,2
d2c015eb5679a18a6d28502031411262,Kavala Caves,3
d2c015eb5679a18a6d28502031411262,Supa Dam,4
d2c015eb5679a18a6d28502031411262,Shiroli Peak,5
d2c015eb5679a18a6d28502031411262,Anshi National Park,6
d2c015eb5679a18a6d28502031411262,Ulavi Temple,7
d2c015eb5679a18a6d28502031411262,Sykes Point,8
d2c015eb5679a18a6d28502031411262,Moulangi Eco Park,9
d2c015eb5679a18a6d28502031411262,Kulgi Nature Camp,10
d2c015eb5679a18a6d28502031411262,Dandelappa Temple,11
d2c015eb5679a18a6d28502031411262,Sathodi Falls,12
d2c015eb5679a18a6d28502031411262,Magod Falls,13
d2c015eb5679a18a6d28502031411262,Dudhsagar Falls,14
d2c015eb5679a18a6d28502031411262,Syntheri Rock Trek,15
d2c015eb5679a18a6d28502031411262,Dandakaranya Eco Park,16
d2c015eb5679a18a6d28502031411262,Shivaji Fort,17
d2c015eb5679a18a6d28502031411262,Nagoda Backwaters,18
d2c015eb5679a18a6d28502031411262,Anshi Waterfall,19
d2c015eb5679a18a6d28502031411262,Backwaters of Supa Dam,20
d2c015eb5679a18a6d28502031411262,Crocodile Park,21
d2c015eb5679a18a6d28502031411262,Timber Depot,22
d2c015eb5679a18a6d28502031411262,Nagajhari Viewpoint,23
d2c015eb5679a18a6d28502031411262,Disney Park,24
d2c015eb5679a18a6d28502031411262,Shanmukha Temple,25
d2c015eb5679a18a6d28502031411262,Karwar Beach,26
d2c015eb5679a18a6d28502031411262,River Rafting,27
d2c015eb5679a18a6d28502031411262,Kayaking,28
d2c015eb5679a18a6d28502031411262,Jungle Safari,29
d2c015eb5679a18a6d28502031411262,Bird Watching,30
d2c015eb5679a18a6d28502031411262,Camping,31
d2c015eb5679a18a6d28502031411262,Trekking,32
d2c015eb5679a18a6d28502031411262,Nature Walks,33
d2c015eb5679a18a6d28502031411262,Coracle Ride,34
d2c015eb5679a18a6d28502031411262,Crocodile Spotting,35
d2c015eb5679a18a6d28502031411262,Wildlife Photography,36
d2c015eb5679a18a6d28502031411262,Rappelling,37
d2c015eb5679a18a6d28502031411262,Zip-lining,38
d2c015eb5679a18a6d28502031411262,Mountain Biking,39
d2c015eb5679a18a6d28502031411262,Rock Climbing,40
d2c015eb5679a18a6d28502031411262,Waterfall Rappelling,41
d2c015eb5679a18a6d28502031411262,Nature Trails,42
d2c015eb5679a18a6d28502031411262,Syntheri Rock Caves,43
d2c015eb5679a18a6d28502031411262,Ulavi Channabasappa Temple,44
d2c015eb5679a18a6d28502031411262,Jenukallu Gudda,45
d2c015eb5679a18a6d28502031411262,Lalguli Falls,46
d2c015eb5679a18a6d28502031411262,Cintheri Rock,47
d2c015eb5679a18a6d28502031411262,Nagjhari Falls,48
d2c015eb5679a18a6d28502031411262,Syntheri Rock Trekking,49
d2c015eb5679a18a6d28502031411262,Kulgi Nature Trails,50
d2c015eb5679a18a6d28502031411262,Kulgi Nature Education Camp,51
d2c015eb5679a18a6d28502031411262,Attiveri Bird Sanctuary,52
d2c015eb5679a18a6d28502031411262,Dandeli Backwaters,53
d2c015eb5679a18a6d28502031411262,Ganeshgudi,54
d2c015eb5679a18a6d28502031411262,Supa Reservoir,55
d2c015eb5679a18a6d28502031411262,Bison River Resort,56
d2c015eb5679a18a6d28502031411262,Jungle Lodges,57
d2c015eb5679a18a6d28502031411262,Anshi Nature Camp,58
d2c015eb5679a18a6d28502031411262,Castle Rock,59
d2c015eb5679a18a6d28502031411262,Sunset Point,60
d2c015eb5679a18a6d28502031411262,Adventure Sports,61
d2c015eb5679a18a6d28502031411262,River Crossing,62
d2c015eb5679a18a6d28502031411262,Natural Jacuzzis,63
d2c015eb5679a18a6d28502031411262,Tribal Village Visit,64
d2c015eb5679a18a6d28502031411262,Dandeli Dam,65
d2c015eb5679a18a6d28502031411262,Sathodi Waterfalls,66
d2c015eb5679a18a6d28502031411262,Magod Waterfalls,67
d2c015eb5679a18a6d28502031411262,Dudhsagar Waterfalls,68
d2c015eb5679a18a6d28502031411262,Ganeshgudi Backwaters,69
d2c015eb5679a18a6d28502031411262,Kavala Cave Temple,70
d2c015eb5679a18a6d28502031411262,Syntheri Rock Climbing,71
d2c015eb5679a18a6d28502031411262,Lalguli Waterfalls,72
d2c015eb5679a18a6d28502031411262,Supa Dam Backwaters,73
d2c015eb5679a18a6d28502031411262,Shiroli Nature Walks,74
d2c015eb5679a18a6d28502031411262,Ulavi Eco Park,75
d2c015eb5679a18a6d28502031411262,Kali Tiger Reserve,76
d2c015eb5679a18a6d28502031411262,Wildlife Viewing,77
d2c015eb5679a18a6d28502031411262,Dandeli Night Safari,78
d2c015eb5679a18a6d28502031411262,Kulgi Adventure Camp,79
d2c015eb5679a18a6d28502031411262,Supa Eco Park,80
d2c015eb5679a18a6d28502031411262,Moulangi Picnic Spot,81
d2c015eb5679a18a6d28502031411262,Dandeli Birdwatching,82
d2c015eb5679a18a6d28502031411262,Crocodile Trek,83
d2c015eb5679a18a6d28502031411262,Rock Garden,84
d2c015eb5679a18a6d28502031411262,Syntheri Jungle Trek,85
d2c015eb5679a18a6d28502031411262,Shiroli Nature Trails,86
d2c015eb5679a18a6d28502031411262,Kavala Nature Walks,87
d2c015eb5679a18a6d28502031411262,Dandelappa Nature Reserve,88
d2c015eb5679a18a6d28502031411262,Nagoda Dam,89
d2c015eb5679a18a6d28502031411262,Kali River Adventure,90
d2c015eb5679a18a6d28502031411262,Ulavi Hills,91
d2c015eb5679a18a6d28502031411262,Syntheri Hiking,92
d2c015eb5679a18a6d28502031411262,Moulangi River Rafting,93
d2c015eb5679a18a6d28502031411262,Dandeli Picnic Spots,94
d2c015eb5679a18a6d28502031411262,Kavala Adventure,95
d2c015eb5679a18a6d28502031411262,Syntheri Nature Park,96
d2c015eb5679a18a6d28502031411262,Dandeli Nature Camp,97
d2c015eb5679a18a6d28502031411262,Supa Nature Walk,98
d2c015eb5679a18a6d28502031411262,Syntheri River Crossing,99
d2c015eb5679a18a6d28502031411262,Shiroli Adventure Park,100
d2c015eb5679a18a6d28502031411262,Moulangi Zipline,101
d2c015eb5679a18a6d28502031411262,Syntheri Cave Adventure,102
d2c015eb5679a18a6d28502031411262,Dandeli Eco Tours,103
d2c015eb5679a18a6d28502031411262,Supa Dam Visit,104
d2c015eb5679a18a6d28502031411262,Moulangi Nature Walk,105
d2c015eb5679a18a6d28502031411262,Dandeli Bird Sanctuary,106
d2c015eb5679a18a6d28502031411262,Syntheri Photography,107
d2c015eb5679a18a6d28502031411262,Shiroli Wildlife Park,108
d2c015eb5679a18a6d28502031411262,Moulangi Kayaking,109
d2c015eb5679a18a6d28502031411262,Syntheri Rock Rappelling,110
d2c015eb5679a18a6d28502031411262,Shiroli Mountain Biking,111
d2c015eb5679a18a6d28502031411262,Moulangi Camping,112
d2c015eb5679a18a6d28502031411262,Syntheri Eco Trails,113
d2c015eb5679a18a6d28502031411262,Dandeli Wildlife Tours ],114
f1c4e041663f7de1e171ed30def7ede7,"Story promotion â¹50 âï¸ DM FAST ð¬
.
.
.
.
.
No problem! Here's the information about the Mercedes CLR GTR:

The Mercedes CLR GTR is a remarkable racing car celebrated for its outstanding performance and sleek design. Powered by a potent 6.0-liter V12 engine",0
f1c4e041663f7de1e171ed30def7ede7,"it delivers over 600 horsepower.

Acceleration from 0 to 100 km/h takes approximately 3.7 seconds",1
f1c4e041663f7de1e171ed30def7ede7,"with a remarkable top speed surpassing 320 km/h.

Incorporating advanced aerodynamic features and cutting-edge stability technologies",2
f1c4e041663f7de1e171ed30def7ede7,the CLR GTR ensures exceptional stability and control,3
f1c4e041663f7de1e171ed30def7ede7,"particularly during high-speed maneuvers.

Originally priced around $1.5 million",4
f1c4e041663f7de1e171ed30def7ede7,"the Mercedes CLR GTR is considered one of the most exclusive and prestigious racing cars ever produced.

Its limited production run of just five units adds to its rarity",5
f1c4e041663f7de1e171ed30def7ede7,"making it highly sought after by racing enthusiasts and collectors worldwide.

Join my Instagram",6
f1c4e041663f7de1e171ed30def7ede7,"there are regular quizzes about cars and automotive news
#reelsinstagram #instagram #memes #panchayat #explorepage",7
35d7af2447fd05ef8ccabf090b1674a6,"Mention that one 
.
.
 
 #friendship #lyrics #friends",0
6d465b5413376db42c2cd70ed63808a4,"How To Make Photos Dreamy 90's Aesthetic 
.
.procedure: go to ""prequel""and click on the
'cinematic' mentioned above there & then click on ""try how"" & select ""Denim effect ""

.save for later ( follow for more) 
.
@prequelapp 
.
.#explorepage #explorepageâ¨ #exploremore #fyp #fypã· #foryoupage #foryou #explorepageâ¨ #prequel #editing #tutorial #viral #edits #filter #effects #fashion",0
ae26087a410d70f3043261ea0472e8d0,"No problem! Here's the information about the Mercedes CLR GTR:

The Mercedes CLR GTR is a remarkable racing car celebrated for its outstanding performance and sleek design. Powered by a potent 6.0-liter V12 engine",0
ae26087a410d70f3043261ea0472e8d0,"it delivers over 600 horsepower. ð§

Acceleration from 0 to 100 km/h takes approximately 3.7 seconds",1
ae26087a410d70f3043261ea0472e8d0,"with a remarkable top speed surpassing 320 km/h.
 ð¥
Incorporating advanced aerodynamic features and cutting-edge stability technologies",2
ae26087a410d70f3043261ea0472e8d0,the CLR GTR ensures exceptional stability and control,3
ae26087a410d70f3043261ea0472e8d0,"particularly during high-speed maneuvers. ð¨

Originally priced around $1.5 million",4
ae26087a410d70f3043261ea0472e8d0,"the Mercedes CLR GTR is considered one of the most exclusive and prestigious racing cars ever produced. ð°

Its limited production run of just five units adds to its rarity",5
ae26087a410d70f3043261ea0472e8d0,making it highly sought after by racing enthusiasts and collectors worldwide. ð,6
bfdc21843e31f3a128ae599eac9d9e53,"(2Mð)ãï¸âï¸ 
.
.
.
.
.
 
#duke #duke125 #dukebs6 #duke250 #duke390 #duke790 #duke890 #duke990 #duke1190 #superduke 
#rc #rc125 #rc200 #rc390 #rc1190 
#ktmrcmodified #ktmrcfans #ktmracing #ktmboy #ktmduke",0
2743462fe28198ac88335a806f1606e1,"Now the College re opening Offer is @radio_80.s ð¥³ð¥
.
Location ð
Malumichampatti",0
2743462fe28198ac88335a806f1606e1,Pollachi highway,1
2743462fe28198ac88335a806f1606e1,"Coimbatore 
.
Follow: @kovaifoodvlog 
.
Dress",2
2743462fe28198ac88335a806f1606e1,affordable clothing,3
2743462fe28198ac88335a806f1606e1,menswear,4
2743462fe28198ac88335a806f1606e1,shirts,5
2743462fe28198ac88335a806f1606e1,pants,6
2743462fe28198ac88335a806f1606e1,Tshirts,7
41b8a27a5497b15ef6e7be1184e0978b,"My go to dress shopð¯ the collections they have are so unique that you canât stop visiting the placeð¤  @urban.tee.co 

Address: 118",0
41b8a27a5497b15ef6e7be1184e0978b,4th Ave,1
41b8a27a5497b15ef6e7be1184e0978b,beside Wow Momos,2
41b8a27a5497b15ef6e7be1184e0978b,AB Block,3
41b8a27a5497b15ef6e7be1184e0978b,Shanthi Colony,4
41b8a27a5497b15ef6e7be1184e0978b,Anna Nagar,5
41b8a27a5497b15ef6e7be1184e0978b,Chennai,6
41b8a27a5497b15ef6e7be1184e0978b,"Tamil Nadu 600040
#tinta_fooddiaries 
.
.
#foodie #dress #uniquedress #shirt #collection #shopping #chennaishopping #shop #chennaishoppers #shirts #ootd #blogger #shopnow",7
c61693c3128c118c55e9218f6229bbe5,"Tag Ur Homies 
No problem! Here's the information about the Mercedes CLR GTR:

The Mercedes CLR GTR is a remarkable racing car celebrated for its outstanding performance and sleek design. Powered by a potent 6.0-liter V12 engine",0
c61693c3128c118c55e9218f6229bbe5,"it delivers over 600 horsepower.

Acceleration from 0 to 100 km/h takes approximately 3.7 seconds",1
c61693c3128c118c55e9218f6229bbe5,"with a remarkable top speed surprising 320 km/h.ð¥

Incorporating adventure aerodynamic features and cutting-edge stability technologies",2
c61693c3128c118c55e9218f6229bbe5,the CLR GTR ensures exceptional stability and control,3
c61693c3128c118c55e9218f6229bbe5,"particularly during high-speed maneuvers. ð¨

Originally priced at around $1.5 million",4
c61693c3128c118c55e9218f6229bbe5,"the Mercedes CLR GTR is considered one of the most exclusive and prestigious racing cars ever produced. ð°

Its limited production run of just five units adds to its rarity",5
c61693c3128c118c55e9218f6229bbe5,"making it highly sought after by racing enthusiasts and collectors worldwide. ð

#relatable #relatablepost #fyp
#foryou #meme #memes 
#memesdaily #darkhumor
#explore #explorepage
#trending #viral #viralvideos
#cricket #cricketupdates
#cricketfans #instagram
#instadaily #indiancricketfans
#rcbforever #rcbfans #cskfans
#viratfans #viratkohli
#msdhonifans #mumbaiindians
#cskfans #rohitsharma
#parfullmbachaiwwala #ipl2024
#iplfans",6
26ae967e3556a8e436b48fe7aca8a012,"Brothers forever ðð«
. 
. 
. 
@_white_rc_ 
. 
. 
. 
#TrendingReels #ReelGoals #ReelVsReal #RealityCheck
#ReelLifeVsRealLife #RealVsReel #deathnote #lifequotes #viralvideos
#explorepage #instadaily #bikelife #bikelovers  #bikegirl #whiterc",0
f806623213ddc3ace0b63e969292a42d,#dalitlivesmatter #constitution #dalitwomenfight #muslim #indianwomens #womenempowerment #womenequality #wome# #humanity #humanrights #womenempowerment #twomen #life #dignity #justice #Caste #discrimination #dalits #jaibhim #ambedkar #indianphotography society #telugu #india #telugu #telangana #insta #news #scientifictemper,0
036bdbc8d2543c5ee8ee12a39d4347e6,"â¨ð§ï¸ð·

#tamil #instalike #instamood #insta #kerala #trendingreels #trendsindia",0
e991cc7cc1b4c9b02a48614d3abf613b,"Summer Saleð â¼
Flat 10% off use code - 'SAVE'
âCash On Delivery
âEasy Returns
âOrders Delivered within 6 days
âPremium Men's Apparel At Best Price

Don't wait! Grab your favorite pieces today.",0
2b4b79a5adcaa08910b71be37ef7812c,"Natpu..ð¬ð«ðª
.
.
.
#natpu #nanban #nanbenda #natpuâ¤ï¸ #natpuforeverððððððð #natpunaennanutheriyuma #natputamilsong #natpustatus #friendship #friendstatus #friendstamil #friendship #friendstagram #tamilstatus",0
b0b94f5747b416343fe8965692f6fdb7,"DBS 1vs4ð¤£ððâï¸
No problem! Hereâs the information about the Mercedes CLR GTR:

The Mercedes CLR GTR is a remarkable racing car celebrated for its outstanding performance and sleek design. Powder by a potent 6.0-liter V12 engine",0
b0b94f5747b416343fe8965692f6fdb7,"it delivers over 600 horsepower.ð§

Acceleration from 0 to 100km/h takes approximately 3.7 seconds",1
b0b94f5747b416343fe8965692f6fdb7,"with a remarkable top speed surpassing 320km/h. ð¥

Incorporation advanced aerodynamic features and cutting-edge stability technologies",2
b0b94f5747b416343fe8965692f6fdb7,the ClR GTR ensures exceptional stability and control,3
b0b94f5747b416343fe8965692f6fdb7,"particularly during high-speed maneuvers. ð¨

Originally priced around $1.5 million",4
b0b94f5747b416343fe8965692f6fdb7,"the Mercedes CLR GTR is considered one of the most exclusive and prestigious racing cars ever produced. ð°

Itâs limited production run of just five units adds to its rarity",5
b0b94f5747b416343fe8965692f6fdb7,"making it highly sought after by racing enthusiasts and collectors worldwide. ð

Join my Instagram",6
b0b94f5747b416343fe8965692f6fdb7,there are regular quizzes about cars and automotive news ð±,7
fc411133609de6578f1dd5745cd73e34,"ð¥ð¡Adei â¹700 à®ªà®à®²à¯ à®à¯à®²à¯ ahh irruku ðâ¼ï¸ð¢

Shop details:
PERFECT MENâS WEAR

âï¸ +91 90428 71969

ðOld No. 78",0
fc411133609de6578f1dd5745cd73e34,Gandhi Complex,1
fc411133609de6578f1dd5745cd73e34,New No. 186,2
fc411133609de6578f1dd5745cd73e34,Grand Southern Trunk Rd,3
fc411133609de6578f1dd5745cd73e34,N.G.O Colony,4
fc411133609de6578f1dd5745cd73e34,( Near KR hospital ) Guduvancheri,5
fc411133609de6578f1dd5745cd73e34,"Tamil Nadu 602203

Instagram Id: @perfect_menswear 

*includes paid promotion 

#reels #reelsinstagram #reelsvideos #reelitfeelit #reelkarofeelkaro #explore #explorepage #mwnswear #menswearfashion #mensclothing #chennai #trendingwears #surplus #dressoftheday",6
2581591d0734aedc6900f6f9e1f176f4,"Explore Manali Snow âï¸ @letstour.in
Most Cooling and Snow Fall In Feb.

Experience the Nature
For Booking : +91 6381 757 047 - +92 7904 277 199

Let's create a personalized travel experience just for you.

ð Explore Diverse Destinations:

HIMACHAL PRADESH: Manali",0
2581591d0734aedc6900f6f9e1f176f4,Kullu,1
2581591d0734aedc6900f6f9e1f176f4,Shimla,2
2581591d0734aedc6900f6f9e1f176f4,Kasol,3
2581591d0734aedc6900f6f9e1f176f4,Kashmir,4
2581591d0734aedc6900f6f9e1f176f4,"Ladakh.

Your adventure begins with a message. Customization is our specialty. ððï¸

#manalitourism #manalitrip #manalilove #manalidiaries #tourism #tourwo#tourguide #bestpacakges #bestservice #kulu #kullumanali #touristplace #cheap and best #instagramreels #instagranpost #trending #trendpost #viralpost2024",5
bfc32fbcb96a41bd4baa4eb41e34d54d,"ðð«

.

.

.

.

#collage #college #hostel #hostellife #friendship #friendsforever #friendshipgoals #friends #homies #vibes #gang #love #foryou #gems #true #relationships #reelsinstagram #reels #reeitfeelit #reelsviral #fyp #explore #explorepage",0
11f5031d6321b4b9a5f3718ac195682d,Manja maakans ð¤¡ð¤¡ð¤¡,0
9088dc4d55f96301fa5ec77ce45fe92c,"ðð¤ðð´

ð·: @raghul_nevamind 
#gokspov #goa #arambol #bagabeach #harvalem #vascodagama #roadtrip #cbe",0
9573d0a2e19aa458b419a27443427f96,"Finally ð¥° Share/tag your loved ones ð

#reels #instareels #style #fashion #tamilponnu #instafeed #instagram #reels #explorepage #explore #feed #trendingreels #trending #love #lovereels #instatrend #insta #explore #newreeltrends #Toronto #canada #chennai #tamil #tamilreels",0
f96c5804eb49fad9f98e6dff3f97cdaf,"Reel Collaboration 149/- ð

#mindset #motivation #motivationalquotes #fyp #explore",0
386b517213a62f35cce997a29acaebbe,#airconditioned #goodidea,0
eeaf8509922b12218301f1b284fbccc0,"ð¥°ð
#explormemes #rÃ©elfeed #vichitrainsaan_",0
63d695ad96cb84a9dd0093ae5cbb5d16,"Check Link in bio // TAG YOUR FRIENDS ð¤£ð¤£ð¤£
#newtrending #newmusic #newvideo #newtrendingvideo #reelskarofeelkaroÂ #instagramreelsÂ #loveÂ #lovequotesÂ #friendsÂ #friendshipgoalsÂ #friendshipÂ #friendsforeverÂ #motivationÂ #motivationalquotesÂ #reelsinstagram #fun #funnyvideos #funtimes",0
00b7ced51c170c506da1201f100ca461,"Anbe ð¥° â¦ @jimi_charu 

#tamil #song #muthalmuthalaga #dubai #kochi #reels",0
6c39db3b20dabf64dd1050870bee769d,"Tag them
#brotherhood #brothers #brotherforlife #andrewtatemotivation #andrewtatequotes #andrewtate #tatebrothers #family",0
f8140372c1fd9ffc9ce4710bce6281c0,"No problem! Here's the information about the 
Mercedes CLR GTR:

The Mercedes CLR GTR is a remarkable racing car celebrated for its outstanding performance and sleek design. Powered by a potent 6.0-liter V12 engine",0
f8140372c1fd9ffc9ce4710bce6281c0,"it delivers over 600 horsepower.ð§

Acceleration from 0 to 100 km/h takes approximately 3.7 seconds",1
f8140372c1fd9ffc9ce4710bce6281c0,"with a remarkable top speed surpassing 320 km/h. ð¥

Incorporating advanced aerodynamic features and cutting-edge stability technologies",2
f8140372c1fd9ffc9ce4710bce6281c0,"the CLR GTR
 ensures exceptional stability and control",3
f8140372c1fd9ffc9ce4710bce6281c0,"particularly during high-speed maneuvers.ð¨

Originally priced around $1.5 million",4
f8140372c1fd9ffc9ce4710bce6281c0,"the Mercedes CLR GTR is considered one of the most exclusive and prestigious racing cars ever produced.ð°

Its limited production run of just five units adds to its rarity",5
f8140372c1fd9ffc9ce4710bce6281c0,"making it highly sought after by racing enthusiasts and collectors worldwide.ð

Join my Instagram",6
f8140372c1fd9ffc9ce4710bce6281c0,there are regular quizzes about cars and automotive news-ð±,7
c562063d85b963a57aa559d6ff764d6c,"ððMachi
.
.
.
#tamilmemes #mokkapostu #vadivelu #vadivelumemes #mokkaengineer #tamilcomedy #thalapathy #tamilmeme #thala #tamil #chennaimemes #tamilmemestroll #tamilmemepage #vijay #tamilcinema #mokkapostu2 #sleepercellz #tamilmemes1 #vadivelucomedy #tamilactress #jumpcuts #tamilrockers #tamilstatus #tamiltrolls #crushmeme",0
f0e7e2ee39ca64868d26510b6f7dbf13,"""free my bro he ain't do nothing ð£ï¸""
also bro :
.
.
.
.

./á  - Ë -ã á¶» ð ð° 
.
.
.
#memes #tamilmemes #tamildankmemes #tamildank #danktamil",0
9deb513cc7654ba15187dc08bb3b9e3b,"When they don't have enough players

#new #trendingreels #unforgettable #viral #comedy 
#relatable #relatablememes",0
f894893e2537e3c3970f522b95d71638,"ð apti na enna meaning sollunga?
#trending #reels #reels #explore #explorepage #ð #fun #tamilstatus #tamil #tamilvideo #instagram #viral #video #darkgirleditzzz #blueberry__kl",0
f8e26697cb84e096eec55023c1035732,"Unbezahlbar die Jungs - und fÃ¼r alles andere gibt es Mastercard ð
#freundschaft #bestfriends",0
ee6ffef6ceea5dcf5a035e6adf1b99b8,"Certainly! Here's a summary of the advantages of owning a credit card:

Owning a credit card offers numerous benefits",0
ee6ffef6ceea5dcf5a035e6adf1b99b8,including convenience for cashless transactions,1
ee6ffef6ceea5dcf5a035e6adf1b99b8,opportunities to build credit history and improve credit scores,2
ee6ffef6ceea5dcf5a035e6adf1b99b8,access to rewards and perks like cashback and airline miles,3
ee6ffef6ceea5dcf5a035e6adf1b99b8,essential consumer protections against fraud and purchase issues,4
ee6ffef6ceea5dcf5a035e6adf1b99b8,a safety net for emergencies,5
ee6ffef6ceea5dcf5a035e6adf1b99b8,detailed spending tracking through monthly statements,6
ee6ffef6ceea5dcf5a035e6adf1b99b8,"and the potential to enjoy interest-free periods on purchases when balances are paid in full each month. These advantages make credit cards valuable tools for managing finances and making purchases.
#reels 
#india 
#creditcards
#hdfc 
#travelblogger",7
565e9f485426088e28162499a99f03dc,"Zedarox â¤ï¸âð©¹ð¤
.
.
.
.
#manjummelboys #trendingreels #explore",0
bfac56c39199211ccb63fcd3d37fe7a7,"WAYANAD ðð¥ð¤© Trip for 3Days /2Night complete travel itinerary â

For booking: +91 79091 51146
......
....
..
Wayanad Packageð¥

02 Night 03 Day 

4800/- head

( Minimum 10 persons ) 

Inclusions

- Pick up and drop from Kozhikode Railway station 
- All transfers in 12/14 seater tempo traveller ( non ac ) up to 400 km 
- Fresh up 
- 03 BreakfastÂ  03 Dinner 
- 02 night stay 
- Driver bata",0
bfac56c39199211ccb63fcd3d37fe7a7,parking,1
bfac56c39199211ccb63fcd3d37fe7a7,"toll etc
- Guidance through phone
- Experienced Driver 

Exclusions

- Extra activities
- Entry tickets 
- 900 Kandi glass bridge & off road jeep safari
- Zipline Or zip cycling 
- Any personal expenses 
- Extra meals ordered

*NOTE* If the no. of persons change",2
bfac56c39199211ccb63fcd3d37fe7a7,"the rate may vary

#wayanad
#travelphotography #travel #reels #reelsinstagram #reelitfeelit #reelsindia #viralreels #kerala #keralatourism #keralagodsowncountry #trending #travelblogger #naturelovers #trendingreels #wayanadtrip #sulthanbathery #keralareels #keralam #travelgram #travelers #reelitfeelitâ¤ï¸â¤ï¸ #budgetfriendly #tamilvideo #viral #kozhikode #munnar #wayanadtrip",3
4cc3e05b6f7b6d9bb4248ff39e0a7426,"bro wasnât ready for that 

#rachitroo",0
c8c0d12c90cd25a0cf4879f2980cf8fe,Follow panuga frdsâ¤ï¸âð©¹ð,0
d72ccdae30aa1a654282fa893f2805fc,"Heyâºï¸
.
.
.
#reelsinstagram 
#reelsvideo 
#trendingreels 
#nofilter",0
853ade3c3eaa12a75e996c09c22db8d3,Me in fort fr ð£ï¸,0
4b3282ff0fc337519ff6774896e1975d,"ð¢ð¢ye dukh katam kahe nhi hota h ð¢
.
.
.
.
.
#reels #reelsinstagram #bgmi #bgmlovers #bgmindiað®ð³ #battlegroundsmobileindia #fypã· #fyp #viral #girlgamer #viralreels #viralvideos",0
254cdf20ddcc07e5a917926e2f433edf,"â¨
.
.
.
#reelsinstagram #reef2reef #traditional #look #song #trendingreels",0
51e51633b5047b09ebb11382787e141c,"Best friends cannot can destroyedð

#royalenfield #gt650 
#friendship#friendshipgoals #hunter350",0
87d1926609b913fb057a768dc602e6f8,"Her eyesð«ð«¶ð»
.
.
.
@ga.w.ry 
#bmw",0
a0a1d8d3418eddf7d12cb0a1ac375d77,life matter pa !  #heyakilan,0
7339a139d5a4e710de8ece460e2c0500,"College life â
.
@hipzster
#dingolfing 
#avesham #hipster",0
94e507d60aad78a75c5b7c01fcc82007,"Alumbu da dei

#tamilreels  #tamilfunny  #tamildankmemes  #danktamilmemes #danktamil  #tamilmusic  #tamilmemes  #tamldankmeme #tamiltrending",0
20b10c869f24e80a3461ded4f1bf9f84,"Enna posukunu ipdi ketutaruðð¶ââï¸. 
.
. 
. 
Free useful tips and news about 1Win - it's all hereð
ð@1win_india ð
.
.
.
.

#neeyanaana #vijaytv #vijaytelevision #biggbosstamil #naamiruvarnamakuiruvar #bharathikannamma #startmusic #eeramanarojave #mounaragam #mounaragam2 #kalakapovadhuyaru #sundharineeyumsundharannanum #ayuthaezhuthu #athaekangal #superstarsinger #vijaytalkies #irratairoja #ponukuthangamanamanasu #pandiyanstores #vijaytvtodayupdates #enkittamodhaadhe #ramarveedu #anjali #radhakrishna #tamil #thenmozhi #aranmanaikili #globalvillage #sivamanasulasakthi #vijaytv #sivamanasulasakthiofficial",0
7033f3c416bb53336710daf2bc26838d,#_ðððððð_ðð_ðððððð_ððððð_ðð_ðððððððð_ðððððð_ðð_â£ï¸ðâ¤ï¸ððð¤,0
fef8bde18637200593c7248eb5d0b311,Result ha nenachalea payama irruku ð­,0
79958335c367074fac7036783aa9d143,"Tag that friendð
.
.
.
.
#tamilfunnymemes #tamilmemes #tamilmemevideo #tamilvideomemes #tamilmovie #dhanush #asuran #explore #trending",0
275ec5183fb267ffa983dbdb670654ac,"Black la vithutu TV la paathukromðð»ð¤§
.
.
.
#rj_raja_07 
[fun",0
275ec5183fb267ffa983dbdb670654ac,comedy,1
275ec5183fb267ffa983dbdb670654ac,tag,2
275ec5183fb267ffa983dbdb670654ac,relatable,3
275ec5183fb267ffa983dbdb670654ac,meme page,4
275ec5183fb267ffa983dbdb670654ac,fyp,5
275ec5183fb267ffa983dbdb670654ac,tamil cinema,6
275ec5183fb267ffa983dbdb670654ac,ipl,7
275ec5183fb267ffa983dbdb670654ac,concerts,8
275ec5183fb267ffa983dbdb670654ac,rerelease movies,9
275ec5183fb267ffa983dbdb670654ac,trendin,10
275ec5183fb267ffa983dbdb670654ac,viral,11
275ec5183fb267ffa983dbdb670654ac,"boys]
.
#fun #funny #comedy #relatable #meme #memesdaily #memepage #memes #tamilmemes #tamilcinema #ghilli #ipl #csk #concert #trend #trendingreels #trending #trendingnow #trendingsongs #viralreels #viralvideos #viral #fyp #fypã· #fypage #boys #relatable #relatablememes #itlife",12
8e7f5fa1e4a5312f59467577629210d8,"Tag @him
#aestheticedits #fypã· #explorepage #bestbrother #bestperson #follow #relateablememes #favpersonâ¤ï¸",0
6886e9d1aedc57afbc26b8716c4de76c,"ð¥#reelsinstagram#bgm#afrinvajâ¤ï¸â¤ï¸â¤ï¸ 
Vcð¥: @sohail.darling",0
c141cfaf86a1f7d82c04fe1ed69172ed,"Whatâs yours!?
.
.
.
@instagram @instagramforbusiness #motocreed #Instagram #instagramqoutes #2024 #reelsinstagram",0
d525d7514f8a44790325955c2efdaf21,ð¤ðð¤...... #follow,0
9d816df15644a87af7b58966a7c0afbf,"Kashmir - Safe to Travel or Not??? â¤ï¸

Note it Downâ¤ï¸

Kashmir is renowned for its stunning natural beauty",0
9d816df15644a87af7b58966a7c0afbf,including picturesque landscapes,1
9d816df15644a87af7b58966a7c0afbf,serene lakes,2
9d816df15644a87af7b58966a7c0afbf,and majestic mountains. Popular tourist destinations in Kashmir include Srinagar,3
9d816df15644a87af7b58966a7c0afbf,Gulmarg,4
9d816df15644a87af7b58966a7c0afbf,Pahalgam,5
9d816df15644a87af7b58966a7c0afbf,and Sonamarg. Visitors can enjoy activities such as boating on Dal Lake,6
9d816df15644a87af7b58966a7c0afbf,skiing in Gulmarg,7
9d816df15644a87af7b58966a7c0afbf,trekking in the Himalayas,8
9d816df15644a87af7b58966a7c0afbf,and exploring Mughal gardens. However,9
9d816df15644a87af7b58966a7c0afbf,"it's always good to check the current situation and travel advisories before planning a trip to Kashmir.

[ Scenic beauty",10
9d816df15644a87af7b58966a7c0afbf,Adventure activities,11
9d816df15644a87af7b58966a7c0afbf,Mughal gardens,12
9d816df15644a87af7b58966a7c0afbf,Spiritual sites,13
9d816df15644a87af7b58966a7c0afbf,Cultural heritage,14
9d816df15644a87af7b58966a7c0afbf,Houseboats,15
9d816df15644a87af7b58966a7c0afbf,Local hospitality,16
9d816df15644a87af7b58966a7c0afbf,Trekking,17
9d816df15644a87af7b58966a7c0afbf,Skiing,18
9d816df15644a87af7b58966a7c0afbf,Snowboarding,19
9d816df15644a87af7b58966a7c0afbf,White-water rafting,20
9d816df15644a87af7b58966a7c0afbf,Paragliding,21
9d816df15644a87af7b58966a7c0afbf,Shankaracharya Temple,22
9d816df15644a87af7b58966a7c0afbf,Hazratbal Shrine,23
9d816df15644a87af7b58966a7c0afbf,Amarnath Cave,24
9d816df15644a87af7b58966a7c0afbf,Handicrafts,25
9d816df15644a87af7b58966a7c0afbf,Kashmiri cuisine,26
9d816df15644a87af7b58966a7c0afbf,Music,27
9d816df15644a87af7b58966a7c0afbf,Dance,28
9d816df15644a87af7b58966a7c0afbf,Festivals,29
9d816df15644a87af7b58966a7c0afbf,Tulip Festival,30
9d816df15644a87af7b58966a7c0afbf,Shikara Festival,31
9d816df15644a87af7b58966a7c0afbf,Dal Lake,32
9d816df15644a87af7b58966a7c0afbf,Wular Lake,33
9d816df15644a87af7b58966a7c0afbf,Nishat Bagh,34
9d816df15644a87af7b58966a7c0afbf,Shalimar Bagh,35
9d816df15644a87af7b58966a7c0afbf,Chashme Shahi,36
9d816df15644a87af7b58966a7c0afbf,Homestays,37
9d816df15644a87af7b58966a7c0afbf,Pahalgam,38
9d816df15644a87af7b58966a7c0afbf,Gulmarg,39
9d816df15644a87af7b58966a7c0afbf,Sonamarg,40
9d816df15644a87af7b58966a7c0afbf,Jammu and Kashmir,41
9d816df15644a87af7b58966a7c0afbf,Srinagar,42
9d816df15644a87af7b58966a7c0afbf,Gondola ride,43
9d816df15644a87af7b58966a7c0afbf,Pari Mahal,44
9d816df15644a87af7b58966a7c0afbf,Jama Masjid,45
9d816df15644a87af7b58966a7c0afbf,Char Chinar,46
9d816df15644a87af7b58966a7c0afbf,Betab Valley,47
9d816df15644a87af7b58966a7c0afbf,Aru Valley,48
9d816df15644a87af7b58966a7c0afbf,Lidder River,49
9d816df15644a87af7b58966a7c0afbf,Zabarwan Range,50
9d816df15644a87af7b58966a7c0afbf,Zoji La Pass,51
9d816df15644a87af7b58966a7c0afbf,Tarsar Marsar Trek,52
9d816df15644a87af7b58966a7c0afbf,Kheer Bhawani Temple,53
9d816df15644a87af7b58966a7c0afbf,Martand Sun Temple,54
9d816df15644a87af7b58966a7c0afbf,Floating vegetable market,55
9d816df15644a87af7b58966a7c0afbf,Kashmiri Shawls,56
9d816df15644a87af7b58966a7c0afbf,Papier-mÃ¢chÃ©,57
9d816df15644a87af7b58966a7c0afbf,Pheran,58
9d816df15644a87af7b58966a7c0afbf,Kangri,59
9d816df15644a87af7b58966a7c0afbf,Wazwan,60
9d816df15644a87af7b58966a7c0afbf,Rogan Josh,61
9d816df15644a87af7b58966a7c0afbf,Dum Aloo,62
9d816df15644a87af7b58966a7c0afbf,Yakhni,63
9d816df15644a87af7b58966a7c0afbf,Rista,64
9d816df15644a87af7b58966a7c0afbf,Tujji,65
9d816df15644a87af7b58966a7c0afbf,Kahwa,66
9d816df15644a87af7b58966a7c0afbf,Noon Chai,67
9d816df15644a87af7b58966a7c0afbf,Harissa,68
9d816df15644a87af7b58966a7c0afbf,Kashmiri Saffron,69
9d816df15644a87af7b58966a7c0afbf,Kashmiri Pandits,70
9d816df15644a87af7b58966a7c0afbf,Kashmiri Muslims,71
9d816df15644a87af7b58966a7c0afbf,Hazratbal,72
9d816df15644a87af7b58966a7c0afbf,Hari Parbat,73
9d816df15644a87af7b58966a7c0afbf,Burzahom,74
9d816df15644a87af7b58966a7c0afbf,Martand,75
9d816df15644a87af7b58966a7c0afbf,Pampore,76
9d816df15644a87af7b58966a7c0afbf,Avantipur,77
9d816df15644a87af7b58966a7c0afbf,Awantipora,78
9d816df15644a87af7b58966a7c0afbf,Chinar trees,79
9d816df15644a87af7b58966a7c0afbf,Apricot blossoms,80
9d816df15644a87af7b58966a7c0afbf,Walnut orchards,81
9d816df15644a87af7b58966a7c0afbf,Almond groves,82
9d816df15644a87af7b58966a7c0afbf,Gulmarg Gondola,83
9d816df15644a87af7b58966a7c0afbf,Golfing in Gulmarg,84
9d816df15644a87af7b58966a7c0afbf,Khilanmarg,85
9d816df15644a87af7b58966a7c0afbf,Stok Kangri,86
9d816df15644a87af7b58966a7c0afbf,Zanskar Valley,87
9d816df15644a87af7b58966a7c0afbf,Great Lakes trek,88
9d816df15644a87af7b58966a7c0afbf,Hemis National Park,89
9d816df15644a87af7b58966a7c0afbf,"Khardung La Pass ]

#Kashmir #Kashmirtourism #India",90
f7e97beee8daaacbd6f88b640b38956b,"Sikkim - The Wonderland of India â¤ï¸

Sikkim tourism offers a diverse range of experiences",0
f7e97beee8daaacbd6f88b640b38956b,from breathtaking mountain vistas to vibrant cultural festivals. Whether you're seeking adventure,1
f7e97beee8daaacbd6f88b640b38956b,tranquility,2
f7e97beee8daaacbd6f88b640b38956b,or spiritual rejuvenation,3
f7e97beee8daaacbd6f88b640b38956b,Sikkim has something to offer. Explore its lush valleys,4
f7e97beee8daaacbd6f88b640b38956b,towering peaks,5
f7e97beee8daaacbd6f88b640b38956b,and serene monasteries. Dive into local cuisine,6
f7e97beee8daaacbd6f88b640b38956b,trek through pristine forests,7
f7e97beee8daaacbd6f88b640b38956b,or witness traditional dances during festivals like Losar and Saga Dawa. Sikkim's rich biodiversity,8
f7e97beee8daaacbd6f88b640b38956b,including its diverse flora and fauna,9
f7e97beee8daaacbd6f88b640b38956b,makes it a paradise for nature lovers. Adventure seekers can indulge in activities like trekking,10
f7e97beee8daaacbd6f88b640b38956b,paragliding,11
f7e97beee8daaacbd6f88b640b38956b,and river rafting. With its warm hospitality and scenic beauty,12
f7e97beee8daaacbd6f88b640b38956b,"Sikkim promises an unforgettable journey.

[ Sikkim",13
f7e97beee8daaacbd6f88b640b38956b,Gangtok,14
f7e97beee8daaacbd6f88b640b38956b,Tsomgo Lake,15
f7e97beee8daaacbd6f88b640b38956b,Nathu La Pass,16
f7e97beee8daaacbd6f88b640b38956b,Rumtek Monastery,17
f7e97beee8daaacbd6f88b640b38956b,Pelling,18
f7e97beee8daaacbd6f88b640b38956b,Yuksom,19
f7e97beee8daaacbd6f88b640b38956b,Lachung,20
f7e97beee8daaacbd6f88b640b38956b,Lachen,21
f7e97beee8daaacbd6f88b640b38956b,Ravangla,22
f7e97beee8daaacbd6f88b640b38956b,Goechala Trek,23
f7e97beee8daaacbd6f88b640b38956b,Himalayas,24
f7e97beee8daaacbd6f88b640b38956b,Kanchenjunga,25
f7e97beee8daaacbd6f88b640b38956b,Buddhist Monasteries,26
f7e97beee8daaacbd6f88b640b38956b,Adventure,27
f7e97beee8daaacbd6f88b640b38956b,Trekking,28
f7e97beee8daaacbd6f88b640b38956b,Paragliding,29
f7e97beee8daaacbd6f88b640b38956b,River Rafting,30
f7e97beee8daaacbd6f88b640b38956b,Losar Festival,31
f7e97beee8daaacbd6f88b640b38956b,Saga Dawa Festival,32
f7e97beee8daaacbd6f88b640b38956b,Yumthang Valley,33
f7e97beee8daaacbd6f88b640b38956b,Zero Point,34
f7e97beee8daaacbd6f88b640b38956b,Silk Route,35
f7e97beee8daaacbd6f88b640b38956b,Zuluk,36
f7e97beee8daaacbd6f88b640b38956b,Teesta River,37
f7e97beee8daaacbd6f88b640b38956b,Khecheopalri Lake,38
f7e97beee8daaacbd6f88b640b38956b,Seven Sisters Waterfall,39
f7e97beee8daaacbd6f88b640b38956b,Singalila National Park,40
f7e97beee8daaacbd6f88b640b38956b,Tashi Viewpoint,41
f7e97beee8daaacbd6f88b640b38956b,Alpine Flowers,42
f7e97beee8daaacbd6f88b640b38956b,Alpine Meadows,43
f7e97beee8daaacbd6f88b640b38956b,Alpine Lakes,44
f7e97beee8daaacbd6f88b640b38956b,Buddhist Culture,45
f7e97beee8daaacbd6f88b640b38956b,Himalayan Wildlife,46
f7e97beee8daaacbd6f88b640b38956b,Hot Springs,47
f7e97beee8daaacbd6f88b640b38956b,Teesta River Rafting,48
f7e97beee8daaacbd6f88b640b38956b,Yak Safari,49
f7e97beee8daaacbd6f88b640b38956b,Birdwatching,50
f7e97beee8daaacbd6f88b640b38956b,Flower Festivals,51
f7e97beee8daaacbd6f88b640b38956b,Organic Farms,52
f7e97beee8daaacbd6f88b640b38956b,Mountain Biking,53
f7e97beee8daaacbd6f88b640b38956b,Rock Climbing,54
f7e97beee8daaacbd6f88b640b38956b,Handicrafts,55
f7e97beee8daaacbd6f88b640b38956b,Traditional Cuisine,56
f7e97beee8daaacbd6f88b640b38956b,Alpine Camping,57
f7e97beee8daaacbd6f88b640b38956b,Mountain Expeditions,58
f7e97beee8daaacbd6f88b640b38956b,Eco-Tourism,59
f7e97beee8daaacbd6f88b640b38956b,Eco-Lodges,60
f7e97beee8daaacbd6f88b640b38956b,Homestays,61
f7e97beee8daaacbd6f88b640b38956b,Adventure Tourism,62
f7e97beee8daaacbd6f88b640b38956b,Cultural Tourism,63
f7e97beee8daaacbd6f88b640b38956b,Eco-Adventure Tourism,64
f7e97beee8daaacbd6f88b640b38956b,Sustainable Tourism,65
f7e97beee8daaacbd6f88b640b38956b,Himalayan Flora,66
f7e97beee8daaacbd6f88b640b38956b,Himalayan Fauna,67
f7e97beee8daaacbd6f88b640b38956b,Alpine Treks,68
f7e97beee8daaacbd6f88b640b38956b,Mountain Passes,69
f7e97beee8daaacbd6f88b640b38956b,Tibetan Influence,70
f7e97beee8daaacbd6f88b640b38956b,Buddhist Art,71
f7e97beee8daaacbd6f88b640b38956b,Himalayan Glaciers,72
f7e97beee8daaacbd6f88b640b38956b,Monsoon Tourism,73
f7e97beee8daaacbd6f88b640b38956b,Winter Tourism,74
f7e97beee8daaacbd6f88b640b38956b,Spring Season,75
f7e97beee8daaacbd6f88b640b38956b,Summer Season,76
f7e97beee8daaacbd6f88b640b38956b,Autumn Season,77
f7e97beee8daaacbd6f88b640b38956b,Rhododendron Sanctuaries,78
f7e97beee8daaacbd6f88b640b38956b,Orchid Sanctuaries,79
f7e97beee8daaacbd6f88b640b38956b,Alpine Gardens,80
f7e97beee8daaacbd6f88b640b38956b,Rhododendron Festival,81
f7e97beee8daaacbd6f88b640b38956b,Orchid Festival,82
f7e97beee8daaacbd6f88b640b38956b,Red Panda Sanctuary,83
f7e97beee8daaacbd6f88b640b38956b,Himalayan Black Bear,84
f7e97beee8daaacbd6f88b640b38956b,Snow Leopards,85
f7e97beee8daaacbd6f88b640b38956b,Himalayan Tahr,86
f7e97beee8daaacbd6f88b640b38956b,Blue Sheep,87
f7e97beee8daaacbd6f88b640b38956b,Alpine Geology,88
f7e97beee8daaacbd6f88b640b38956b,Mountain Ecology,89
f7e97beee8daaacbd6f88b640b38956b,Alpine Rivers,90
f7e97beee8daaacbd6f88b640b38956b,Alpine Glaciers,91
f7e97beee8daaacbd6f88b640b38956b,Alpine Meadows,92
f7e97beee8daaacbd6f88b640b38956b,Himalayan Peaks,93
f7e97beee8daaacbd6f88b640b38956b,Alpine Forests,94
f7e97beee8daaacbd6f88b640b38956b,Sacred Lakes,95
f7e97beee8daaacbd6f88b640b38956b,Monsoon Treks,96
f7e97beee8daaacbd6f88b640b38956b,Alpine Trails,97
f7e97beee8daaacbd6f88b640b38956b,Adventure Sports,98
f7e97beee8daaacbd6f88b640b38956b,Nature Reserves,99
f7e97beee8daaacbd6f88b640b38956b,Mountain Resorts,100
f7e97beee8daaacbd6f88b640b38956b,Wellness Retreats,101
f7e97beee8daaacbd6f88b640b38956b,Himalayan Spa,102
f7e97beee8daaacbd6f88b640b38956b,Yoga Retreats ],103
17955ff846478fff5719fa1d844b9bc9,"Watch till End ððð
Thailand  matchans car working too good worth for moneyððð
Thailand pora frds tag pannuga
.
.
Follow@enna Vaaida ithu
.
.
Location 
Thailand Bangkok 
Indra square mall
.
.
Must try
.
.
#food #foodporn #bestbreakfast food photography #foodie #foodstagram #foodlover #foodblogger #foodpics #foodlover #foodaddict #idly #mutton #chennai chennai restaurants #chennaistreetfood #chennaifood #seafood #parotta # chicken #lunch #dinner #break fast #italianfood #foodvideography #delicous#thailandð¹ð­ #bangkok #pattaiya#cloth#car#drown#mall",0
183eab224729681e8aeacd00553b849e,pls give me that effortlessly candid shot that in reality takes a lot of effort to capture,0
57eb21b5b956ccf8ea41bd676d2391f8,"Tag your best ones â¤ï¸
â¢
â¢
â¢
â¢
â¢
â¢
â¢
â¢
â¢
#bikelife #biker #motorcycle #bike #bikersofinstagram #motorbike #yamaha #ktm #ride #bikes #moto #bikeride #motorcycles #rider #bikeporn #honda #photography #r #instagram #kawasaki #instagood #bikerlife #riders #bikelove #love #instamoto #bikelovers #instabike #harleydavidson #travel",0
9b94371ed8fe8dabb2c062c8d20a4280,"Tag your brother ð«

.
.
.
.

#brotherhood #realbrothers #familyguy #fypã· #realshit #therock #romanreigns #bloodline",0
f9054acbab7c93c5b1a777a27692f98e,"tag that photographerâ¦
 

#trendingreels #trend #trending #photoshoot #photography #photographers",0
f5f0860337bb6e2852155bde73d21e71,ðCOMPLETE GOA TOUR @ â¹4,0
f5f0860337bb6e2852155bde73d21e71,"999 PP ONLY ð

ðï¸ 2 Nights / 3 Days in Goa

â One-way Train Fare
â 2 Nights Hotel Stay in North Goa (AC Room - Swimming Pool + Balcony + Restaurant)
â Breakfast",1
f5f0860337bb6e2852155bde73d21e71,"lunch and Dinner included
â 03 Days Two Wheelers for Sightseeing
â Local Tamil Speaking Tour Coordinator

ð For Enquiry",2
f5f0860337bb6e2852155bde73d21e71,"Call/WhatsApp: +91 95858 00227

Limited slots available! Book now and experience Goa like never before! ðï¸ðµð½ï¸",3
1440e84a907b2d330900bcb7c3a8ebc0,"ðð®ð¦ð¦ðð« ðð©ððð¢ðð¥ âï¸ 

ðð¨ð¨ð«ð  & ðð¡ð¢ðð¤ð¦ðð ðð¥ð®ð«â¨

No of Days : 2N-3Days

Inclusions:

ð¶ Train Tickets 
ð¶ 2 Night Accommodation 
ð¶ Vehicle For Sightseeing 
ð¶ Breakfast & Dinner
ð¶ Jeep safari 
ð¶ Campfire

Follow: @gurukshethra_holidays 

For details: ð

(+91) 99430 23230
(+91) 95000 23230",0
969472be61933aeb673d54cd61bc9987,"Tag RCBans ðð§
.
.
.
#tamiltrending #tamil #tamilmemes #tamilcinema #thalapathy #tamilstatus #tamillovestatus #tamilbgm #tamilmusic #kollywood #trending #tamilwhatsappstatus #mokkapostu #tamillyrics #tamilsong #tamillovesong #tamilsongs #tamilactress #tamillovefailure #tamillovebgm #vadivelu #thala #tamilsonglyrics #vijay #tamillove #tamillovesongs #love #tamiltiktok #vadivelumemes #yuvan",0
5739e7dca8d96411222a8a2332d991a9,"Tag ur friends ð«ð¥¹â¦.

#viralreels #viralreels #viral #explorepage #extensaodecilios #exploremore #extensaodecilios #exklusive_shot #insta #instagram #friendship #tag #ur #friends #makeupartist",0
aade425cd6950728f420c31c28f722c3,"ð¤ð¤â¨
.
.
.
 
#instagram #reelitfeelit #fypã· #explorepageâ¨ #astheticedits #capcutedit #trendingaudio #viralreels #friendshipgoals #reelsinstagram #instaengagement #instagrowth",0
36fe00e4e66dce123dd7d14c8b1a4edd,#reels #instagram #m_nitesh10,0
d8a567ed6c4cdc1ef69d77467783990f,à®¤à®à¯à®à®¿ à®µà®¿à®à¯à®à®¾ à®¤à®¾à®°à¯ à®®à®¾à®°à¯ ððððððð,0
3d91de5aff565bfc46ad746cc3f39f05,"ð@memes_end_a_ila_
.
.
.

#biggbossunseen #biggbosstamil #memes #memesdaily #memestagram #tamilmemes #tamiltroll #tamilstatus #vijaytv #tamilcinema #tamilactress #shivaninarayanan #ipl2023 #memespaithyangal #kollywood #tamilstatus #tamilsong #BBTamilSeason4 #rcb #csk #VijayTelevision #tamilbgm #tamilsong #ipl #tamillovestatus #balajimurugadoss #popular",0
9605fa7fc74183dc5cb944a9e498d80f,"ð¢Best non veg spot ð¤¯
.
.
.
#trending 
#vellore #vellore360 #tamilnadu #trending #shorts #youtube #college #briyani #foodporn #review #girl #instagram #like #reels #friends #foodie#fastfood #irfan #nonveg",0
a944dab18467d5e87ea6d59400decd20,*à®à®©à¯ à®à®à¯à®¯à®¾à®³à®®à¯ à®à®¤à¯??! wait for end ð*#instagram #india #insta #instagood #trending #instadaily #government #viral #education #akproduction,0
2cb543bff5a2e998eb0b2c71106accf7,"ðð
.
#girls #boys #memes #tamilreels #tamilmemes #funnymemestamil #viralreels #trendingreels #mokkamemes #actress #actors #chennai #kerala #dankmemes #likes #follow #instadaily #love #women #men #college #school #bollywoodactress",0
4bc8062e1f185f2deeb912e870f9329a,"Ada Ada maharaniki ð

#instagood #viral #instagram #reelkarofeelkaro #instalike #instadaily",0
8d57228ef18b893921872e23016991dc,"ð«¶ð»

:
:
Might delete it later ð

:
:
#reels #instagram #love #selflove #iloveme #music #dance #happy #fyp #trending #enjoy #life",0
74e3acdf35d1d25e1475f7103d2c2a72,Save this spice for later â¨,0
8948729c0b5e77deef5d4e2c6950d1a7,"Aavesham ð¥ð. Eda mownai ð¥

#ipl #cricket #viratkohli #msdhoni #rohitsharma #csk #rcb #india #dhoni #icc #mumbaiindians #dream #love #t #indiancricket #bcci #indiancricketteam #memes #cricketlovers #chennaisuperkings #klrahul #teamindia #virat #cricketer #cricketfans #hardikpandya #abdevilliers #instagram #msd #worldcup",0
a06cb5aa0706df0ab097a9008a59077d,"Moments with them are unbearable
.
.
.
.
#fyp #explore #explorepage #friends #viralvideos #trending #reel #insta",0
d4d9681770df07168213e166b1d08502,#beautiful #girl #fashion #model #trendingreels #instagood,0
681e2187df4fb475786e4003083459c7,Checkout my other Thalapathy memes @whymoneyish,0
a4e5e706de07a58ed91bf7b1eae34a5f,Memories ð draft clear ð¤ð¤,0
38e40aba9d2388983c91a9b255da4cad,"Tag your friends ð¤£ð¤£..

 Mercury

Mercury is the closest planet from the Sun. The side facing the sun is extremely hot",0
38e40aba9d2388983c91a9b255da4cad,whereas the other side is incredibly cold. The temperatures range from -150 C to 425. Without your spacesuit,1
38e40aba9d2388983c91a9b255da4cad,you'd either freeze or instantly turn into a carbon brick,2
38e40aba9d2388983c91a9b255da4cad,"depending on which side of the planet you were standing on YOUR FRIEND

Without any gear",3
38e40aba9d2388983c91a9b255da4cad,"you would survive for less than 2 minutes.

â°Venusit

is a real hell.

The temperature on its surface is approximately 400 C. Its surface pressure is also about 90 times greater than that of Earth. A spacesuit designed for Venus would need to be constructed of titanium. Without a spacesuit",4
38e40aba9d2388983c91a9b255da4cad,one would get squashed in seconds,5
38e40aba9d2388983c91a9b255da4cad,"if you didn't get turned into dust.

Earth:

Thanks to the wonderful atmosphere",6
38e40aba9d2388983c91a9b255da4cad,food and water,7
38e40aba9d2388983c91a9b255da4cad,and everything else that makes our home planet liveable,8
38e40aba9d2388983c91a9b255da4cad,"you can get in a good 80 or more years here. Earth is perfect for us.

âMarsit

is very cold",9
38e40aba9d2388983c91a9b255da4cad,but the atmosphere is very thin 'Tyson says,10
38e40aba9d2388983c91a9b255da4cad,"""so the intensity of the cold won't be as biting as it might otherwise feel at that temperature on Earth.""

â Jupiter

Jupiter is literally just a ball of gas with a solid core. So there's nothing to land on. If you were to jump on it",11
38e40aba9d2388983c91a9b255da4cad,you would just descend into nothingness. The gases inside this giant are highly pressurized,12
38e40aba9d2388983c91a9b255da4cad,so without any gear,13
38e40aba9d2388983c91a9b255da4cad,you would get crushed instantly,14
38e40aba9d2388983c91a9b255da4cad,i.e.,15
38e40aba9d2388983c91a9b255da4cad,"in less than 1 second.

â°â°â° Just like Jupiter",16
38e40aba9d2388983c91a9b255da4cad,Saturn,17
38e40aba9d2388983c91a9b255da4cad,Uranus,18
38e40aba9d2388983c91a9b255da4cad,"and Neptune are enormous balls of gas. One would get crushed almost instantly if you attempted to stand on these planets in any condition...

#reels #funny #reelsinstagram #explore #funnyreels #funnyvideo #viraljokes #trendingmemes #haha #funnymemes #trending #comedyreels #funnymemes #funnyreels #reelkarofeelkaro #ursmile #instagood #explorepage #foryou #comedyvideos #comedy #funnyvideo",19
cfbd660fb608bb9233133f7ade5450f7,à®¤à®®à®¿à®´à¯ à®ªà¯à®à¯à®®à¯ à®¤à®¾à®¯à¯à®²à®¾à®¨à¯à®¤à¯ à®à¯à®à¯ #reels #instagram #instagood #thailand #pattaya,0
9ee9f17b77f42e5818a17267875f86d9,"Tutorial: Echo Printing.

What do you want to challenge us with next?

Shoutout to @oppo and @eyecannndy for the inspiration.

Tutorial:
1. Before shooting",0
9ee9f17b77f42e5818a17267875f86d9,"choose clothing that contrasts well with the background because you need to magic mask/auto mask/rotobrush.
2. Put your camera on a tripod and shoot yourself walking in a zig zag position towards the camera. Make sure each spot you walk to is closer to the camera than the previous spot.
3. In your editor",1
9ee9f17b77f42e5818a17267875f86d9,"speed ramp or cut your clips so there is ~6 frames of you walking from spot to spot.
4. Magic mask yourself from the background. Your mask does NOT need to be perfect because when you blur",2
9ee9f17b77f42e5818a17267875f86d9,"the edges disappear. Feather the mask edge with a blur and erode/contract so it isn't so pixelated. Export or precomp the mask with alpha and then reimport.
5. Layer your timeline with the sped up clip on bottom and echos above then cut the echo clips so they appear when you want them to. Once done cutting",3
9ee9f17b77f42e5818a17267875f86d9,"freeze frame each echo.
6. Add directional blur to all your moving echos. The blur should be in the direction you are walking. Play around with blur strength - the same setting on a far and close echo will have dramatically different results.
7.Put your first masked clip on top of all the echos and you're golden.

Tips to make it look even better:
- freeze frame the shadows at your feet so your echos aren't floating in space - do this with a simple feathered polygon
- keyframe the strength of the blur to increase every time you walk past an echo (for example",4
9ee9f17b77f42e5818a17267875f86d9,walking from desk to table,5
9ee9f17b77f42e5818a17267875f86d9,"we increased strength of blur on the echos from window to desk).

#tutorial #editingtutorial #videography #videographer #cinematic #cinematography #editing #transitionreels #filmmaking",6
f5423ae6c0049a253b971653811298e1,Rangaaa ð¥,0
56796eb02d4ed1b329ac55aa9ec752dd,#jetraa,0
36352821feda45159e2b2a7470ab0222,à®à®à¯à®à®¿à®² à®à®¤à®µ à®ªà¯à®à¯à®à®¾à®©à®¾ à®à®²à¯à®²à¯à®¯à®¾ ð¤ (Use ð§),0
4e1da199d24a0bfe7ecdc95b8f2b1bba,Dharma therukoothu Ambedkar makeup Jana ð¯ððððð,0
da10f97c3e2dbcd6603381994c6ba0bd,"Tag ur Village.... ððð
.
Follow : @nellai_mano_76
.
#reelsinstagram 
#reels 
#lovequotes 
#lovestatus
#alone
#sidsriram 
#yuvan
#lovesongs 
#explorepage 
#reelitfeelit
#featured 
#2kkids
#90kids 
#trending
#nature
#traveling
#gvprakash
#pradeepkumarsongs
#video
#trendingsongs
#travel 
#gaming 
#singer 
#dance 
#repost 
#friendship
#viral 
#bts
#instareels 
#instagood",0
a8983bd6cf96dc443953f6f3117bc9ea,ðð¤ð¤ð°ð°ð°ð,0
db9400ec03f69df54747f15877dc4ba8,"Share to that IPHONE PAITHYAM !! 

Visit your nearest chennai mobiles! Prices in video ð¥ 
Offer valid till Tamil New year

I PHONE 13 128GB
49900
I PHONE 13 256GB
63990
I PHONE 13 512GB 
82990
I PHONE 14 128GB
59900
I PHONE 14 256GB
72990
I PHONE 15 128GB
66900
I PHONE 15 256GB
78900
I PHONE 15 512GB
96900
I PHONE 15 plus 128GB
78900
PHONE 15 plus 256GB
87900
I PHONE 15 plus512GB
106900",0
aafb576f5935fc7e77af1fbe88f9c758,"This oneð¤£ð¤£

#ramar #ramarveedu #ayodhyarammandirð© #ayodhya #ayodhyaverdict #ramarsita #sita #thangadurai #vijaytvshows #tamilmemes #tamiltrendingmemes #vjrafeek #vjrafi",0
76b3521bbd158b46c495327652e27453,"mention themð­ð«¶ð»
.
.
.
.
.#fyp#trending#trend#explore#viral#reach",0
0f04fdbe851b54843d1e8a8208797a40,"Epic reveal ð¨ 

Just Sage Things | Sharing is caringð
.
.
.
.
.
.
.
.
.
.
.
.
.
#sarcasm #memes #sarcasticmemes #funnymemes #meme #memesdaily #funny #dankmemes #trollmalayalam #kerala #malayalam #mallugram #mallu #trolls #troll #keralagram #malayalamtrolls #malayali #malayalamcinema #mohanlal #malayalammemes #mollywood #mallutrolls #malayalamtroll #malayalamstatus",0
6d9119cd0b4252fba42d23d63b3b6dc8,"ð¹
.
@joshapp.malayalam @officialjoshapp",0
3989d3895dc9485ecd27e274824bf580,template link in comments ð when high school friends meet up ð,0
0b8c701d718535bdb7089a60d15e4aeb,"Tag that Friend ðð»
Your Bad Photoð¤³ð»ð¸ #frienship #reels #tamilnadu #college #school #friends #explorepage #advocatevigneshmuthukumar 

VC: @mabu_crush",0
d9771e7419d0156665af2a57b799bc51,"ðððððð®ð¹ð¶ð» ðð¼ðºð²ð±ð ððð
 # ð¥ð²ð²ð¹ð # ðºð®ð¸ð¶ð»ð´ ððµð®ð¿ð² # 
ð£ðð ð¹ð¶ð¸ð²ð# ðððð¿ð¼ð±ð»ð®ð¿ð ð°ð¼ðºð²ð±ð#
 ððð² ð³ð¼ð¹ð¹ð¼ðð² ð ð²ððð",0
4f941f6f36905de877ce21cbcf18eeb1,"Tag your bond!ð
.
.
.
.
.
.
.
.
#kuthanthram #lyrics #manjummelboys #music #sushinshyam #malayalammovie #malayalammovies #soubinshahir #sreenadhbhasi #friendship #friendshipgoals #love #bond #musiclovers #malayalamsongs",0
407e6e9b1590f70df169c819d22d572e,"Alert ð«
@rp_sankar_editzz
#foodie #food #foodstagram #trending #fast
#fastfood",0
eecfceedc2e3cfa19dc4e84467cf7be4,Cause Iâm Icy ð¾,0
060cc1b9de1d7cc29c92d809118df585,Best friendship ð¿ð,0
4cfa06e15eaf96141b8026953abdd4da,"En machan annamalai

#tamilmemesgalatta 
#tamildanks 
#tamilcomedy 
#tamilreels 
#tamildank 
#tamildankmemes 
#tamilmemevideo 
#dankmemesdaily 
#dankmemes 
#dankmeme 
#dankmemez
#vadivelmemes 
#vadivelcomedy",0
9d79aecf6b133d691ccd70a71f9803b5,"Pavam ya antha poona ðð§ð
#car #cat #tamil #badwords #fyp",0
3404a8cd591389528cc5423545a46727,#à®¤à®¿à®°à¯à®à¯à®à®¿ à®µà¯à®²à¯ à®ªà¯à®©à®¾à®®à¯à®ªà®¾à®³à¯à®¯à®®à¯ ð¤ð¤,0
940ad282096608d68e29cb9dee75a879,"Nanum vandhukuttu dhanda iruken... ð

#funny #content #contentcreator #comedy #transition #transformation",0
00176b6415a148413d1877243cca2b6c,"Us â¤ï¸

.
.
.
.
.
.
.
.
.
.
.
.
#malayalammemes#memesmalayalam#meme#dankmemes#dank#mememalayalam#malayalammeme#dailymemes#mallugram#reels#dankmalayalam#memesdaily#tiktok#instadaily#reelstrending#offensivemalayalammemes#reels#relatablememes#mallureposts#trending#malayalamtypography#funnymemes#manjummelboys#reelsmusic#memestuff#instagrammeme#instagrammemes4all#latesttrends",0
e593019c801982c8686bb2b6fa5efb33,"Mansula ulla baarame koranjiduchi..!
.
.
.
.
.
#trendingreels #viralreels #tamilcinema #bestie #comedy #tamilactress #bgm #dankindianmemes #cat #meow #funny #photooftheday #tamilmemes #tamilsong #samantha #anushkashetty #kajalaggarwal #nayanthara #rashmikamandanna",0
13b0ef5092788637d051f694da2078be,"Tag your friendâ¤ï¸ 

@sanjivvenkat @sreekumar.ganesh @vj_nikki_",0
c119bb689de8d5ff86dad23c70979cad,"Headphones alerttt â ï¸ 

#kaka #ishowspeedmemes #ishowspeed #charitymatch #teamchunkz #teamaboflah #playforhope #davidvilla #edenhazard #didierdrogba #speed #ishowspeededit #trending #fypage #fypã·",0
b984be050f6a8ea1b8dc1dd04dfb4151,https://www.instagram.com/p/C3uQzvPyKs_/?igsh=MW1wcmRobzU4bmoyMA==,0
f87cb209f223f3cb61bcfc3afd10ce4f,"No Nayanthara fans were harmed in this video 
( she got none )",0
17af942245c80d8e34edfe8c74a7e50a,Women ð¤£,0
22b3eb1f7956e0f555c50013d55faa98,@snoopdogg  I WOULD LIKE THAT YOU TAG ME,0
a8ad8c217e7118bcb39263a9dc265be7,"Tag that nanbar ðð

#mcananth #sokermemes 
#indvseng #viratkohli #rohitsharma #jadeja #safrazkhan #dhuruvanatchathiram #joe #lovefailure #love #tamilthalaivas #tamilactress #tamilcinema #tamiltrolls #tamilmemes #thalpathy69 #thalaajith #thalaajith #thalapathy68 #goat #ajithkumar #pardheepnarwal #parithabangal #gopisudhakar #instagramreels #trendingaudio #trendingreels",0
ea3ed998d2ac338e3f247f51f94fc8d6,"Agree? â¤ï¸

ð¸ ( @)
Via : - @pinterest 

Portrait credit:- Respected owner (DM for credit or removal

NO NEED TO SEND STRIKE JUST DM US",0
d8848c3612780ef306c8767e94ffc4ac,"Tag ur daddyð
#tamilcomedy #tamilmemes #tamil #thalapathy#tamilactress #vadivelu #tamilcinema #mokkapostu #vijay #thala 
#tamilstatus #kollywood #tamilbgm #memes #vadivelumemes #tamilnadu #tamilsong #chennai #tamilmeme #tamilsong #vijaytv #tamilmovie #tamilmusically  #mokkaengineer #tamilmovies #tamilsonglyrics #tamillyrics #tamillove #tamilsongs #dhanush #pullingoshirtsâ¤ï¸ðð",0
5a0a5742b22cfc689c23a761f7ef033d,Tamil ð¤...(vs)... English ð¤,0
cdd8f04c8880c665243d3a7c24c81137,"Bro â ï¸
.
.
#reels #reelsinstagram #reelitfeelit #bts #btsarmy #btsedits #btsmemes #btsv #btsjungkook #btsjimin #btsjin #btssuga #btstaehyung #taylorswift #taylorswiftedit #taylorswiftedits #taylorswift13#reels #reelsinstagram #reelitfeelit #bts #btsarmy #btsedits #btsmemes #btsv #btsjungkook #btsjimin #btsjin #btssuga #btstaehyung #taylorswift #taylorswiftedit #taylorswiftedits #taylorswift13",0
985378bd2db9ee0871ff0ec6b61de7a6,"Only you can Make it 23k ð @erimalai_memes_2.0  ðð¤ð§ ð¢ð¤ð§ð ð¢ðð¢ðð¨ & ðªð¥ððð©ðð¨ 

#erimalaimemes #heiszenberg_mcðµ

#vadivelu #vijaytv #tamilcomedy #neeyanaana  #tamilmemepage #tamilmemescreator #vadivelumemes #vadiveluforlife #kollywood #vadiveluforever #vadivelucomedy #thalapathy #vadiveluversion  #yuvanshankarraja",0
d4969f063b9e01ffe3bd077b37e08b76,"â­ï¸Follow @tamilhabits For More â­ï¸
â¢
â¢
â¢
ð·ï¸ Tags:
#tamilhabits #tamilmeme #tamilmemes #tamil #thalapathy #memes #mokkapostu #vadivelu #tamilcomedy #vijay #tamilactress #vadivelumemes #tamilcinema #mokkaengineer #meme #tamilbgm #tamilstatus #trending #kollywood #chennai #tamilmovie #tamilsong #tamilactors #tamilrockers #trendingsongs #trendingreels #comedyvideos #tamilcomedymemes #tamilcomedyvideos #spiderman",0
bb190158f989334a569d77b2a5d9b8f5,"ðð

Follow ð@summa_paathanð
#muthumc
.
.
â ï¸ DISCLAIMER ð
â UPLOADED VIDEOS",0
bb190158f989334a569d77b2a5d9b8f5,"PHOTOS AND AUDIOS ARE NOT OWNED BY US.
â CREDIT GOES TO RESPECTIVE CREATORS.
â IF YOU FIND ANY COPYRIGHTED POST PLEASE DM US WE WILL GIVE YOU CREDIT OR REMOVE THAT POST.
â FOR CREDIT OR REMOVAL DM @summa_paathan
â NO NEED TO REPORT
.
.
.
ðTHANK YOUð
#summa_paathan#tamilmems
#summa_paathan_memes #tamilmemes1 #tamilmemestroll #tamilmemesgalatta #tamilmemescreator #tamilmemesstop#tamilmemes2 #tamilmemespoluthupokku #tamilmemesofficial #tamilmemes3 #tamilmemespage #tamilmemeschennai #tamilmemes18 #tamilmemes_ #tamilmemesl #tamilmemesdaily #tamilmemestrolls #tamilmemesdotcom #tamilmemesð",1
d85b171a7209ab3cfde98c45ab1a923c,"ðð¤£
.
.
.
Follow â¥ï¸",0
97f5a5ee23201206b6af4e456ac1028f,Tagð,0
44323c60e07d7a150fb44af0ea319952,"ðð

#trending #trendingreels 
#trendingvideos #teslaakka #tesla #teslamodels 
#mediapaarumemepodu #trolls #vibe #viralgirl #viral #viralreels #viralvideos #funnyreels #funnymemes",0
42e7b973b39074d51ca01c2eb27d1d38,"ð¥@carnivalstudios  @carnival_little_hearts ð

Carnival Studios - Premium Wedding and Baby Photography Studio in Salem.

It offers a wide variety of themed babyshoots with 100+ themes to choose from. Expert in Weddings and Events photography.

SERVICES OFFERED :

â¢PHOTOGRAPHY â¢DECORATION 
â¢DJ â¢ENTRY â¢DANCE â¢STALLS 
â¢EVENT PLANNING â¢MELAM 
â¢MAKEUP â¢INVITATIONS

AND WHATEVER YOU NEED : ONE STOP DESTINATION FOR ALL YOUR WEDDING NEEDS.

Phone: 9852248522

Salem Address : 66",0
42e7b973b39074d51ca01c2eb27d1d38,Brindavan Rd,1
42e7b973b39074d51ca01c2eb27d1d38,Sinthampalayam,2
42e7b973b39074d51ca01c2eb27d1d38,Fairlands,3
42e7b973b39074d51ca01c2eb27d1d38,Salem,4
42e7b973b39074d51ca01c2eb27d1d38,"Tamil Nadu 636016

#discoversalemð¥ð¥ #salemupdates 
#WeddingPhotography #babyphotography #Salemphotography #Carnivalstudios #Carnivallittlehearts #CarnivalStudiosAndEvents #reelsinstagram #reelsvideo #viral #trending #trend",5
8cbb144e1a16715aa3bad12368b6a7f1,"mention ð¤ð«ð«

#friendship #friendsforever #frindship #friendshipquotes #dhanush #dhanushfan #gvprakash #gvprakashkumar #reels #friendsð­ #friend #bestfriends #instagramreels #bestfriendsforever #tamilactress #captainmiller",0
237f59695809f39385f67782e5916115,"Twist uhðð¥
. 
.. 
... 
#annamalai_university_memez #annamalaiuniversity #tamil #tamilmeme #tamilmemes #memes #memestamil #hostellife #hostelmemes #hostellifeð #hostel #clg #clglife #clgmemes #clgfriends #collegelife #college  #troll #trolltamil #instareels #instadaily  #reelsinstagram #chidambaram",0
a0a9c5ab7ad55d2c4b3e1fcc8c9828f6,"Shareð¶ð¶All newly Released movie HD link in bio ð¯

Â©

Follow for more content : @thug_.tamil_ 
#thugtamil",0
638c04e0fd520d10936fb964e620a8c3,"à®¤à®¿à®°à¯à®¨à¯à®²à¯à®µà¯à®²à®¿ ð¥ð¿...

@rowdy_tharan_
@kg_dharman 
@nellai_r.j.ramdevan_official 
@bose_pandi_72 @tvl_mano_03
#tamilan #reels #tirunelveli #gethu #nellai #chennai #viralreels #reelsinstagram #instalike #killerkutty",0
002b87aaccecf30ca81afa29085a8441,"à®à®à¯à®à®¿â¨ð¥
.
.
#nellai #tirunelveli #papanasam #palayamkottai #ambasamudram #tenkasi #thamirabharani #thoothukudi_people #thoothukudi 
.
.
.
@nellai_seemaiyil",0
b8af16cb33ace6be494f9413ec27d519,"Tag you Buddy's ðð«
#skkyyfilms #fypã· #explorepage #bestfriends",0
66eb119e5f7b4f064c4d9c20516f6d48,"Comment ur crimepartnerâ¤ï¸âð¥ð«â>
.
.
#trending #trendingreels #trendingsongs #reelsinstagram #reelitfeelit #instagramreels #instagramreels #instadaily",0
bad1c39480b2421318f52b2f95b87ca3,à®à®à¯à®à¯à®±à¯à®¤à¯à®¤à¯à®®à¯ à®à®¿à®±à¯à®à¯à®à¯ à®à®¾à®à¯... à®®à®¤à®¿à®à¯à®à®à¯à®à®¾à®©à¯ à®à¯à®²à¯ #shortsfeed #facts #mystry #horrorstories #tourism,0
d11e7a2ea0e7068bef0cfd4d019b2974,ððð,0
4afdc5de407ccd3e71c83ffa4146ce0a,"Tag your ð­ð¤
.
.
.
...
sp : @xnor.fx
.
.
.
.#schoolfriends #schoolandschool #school #friends #goodfriends #toocoolforschool #bestfriends #college #lovingfriends #kids #students #teacher #student #bestfriend #friend #justkiddininternationalpreschool #alwayslearning #mylife #dad #enjoythelittlethings #family #chemistryteacher #children #nevergiveup #education #chemistrystudent #happy #preschool #thoughtoftheday #",0
448f5dd5a8f6c65cc64ba24a4efdaa55,ðLocation - Poombarai,0
448f5dd5a8f6c65cc64ba24a4efdaa55,"Kodaikanal 

Book your stay at @hostel_poombarai for this beautiful view â¤ï¸

Share with your friends for your next trip to Kodaikanal!
.
.
.
.
#kodaikanal #beautifuldestinations #nature #offbeat #offbeattravel",1
c682537f3269227d7dac7cdfe8d5880e,"Tag that tha*yolissð
#tamilcomedy #tamilmemes #tamil #thalapathy#tamilactress #vadivelu #tamilcinema #mokkapostu #vijay #thala 
#tamilstatus #kollywood #tamilbgm #memes #vadivelumemes #tamilnadu #tamilsong #chennai #tamilmeme #tamilsong #vijaytv #tamilmovie #tamilmusically  #mokkaengineer #tamilmovies #tamilsonglyrics #tamillyrics #tamillove #tamilsongs #dhanush #pullingoshirtsâ¤ï¸ðð",0
4a95d93303b3b8ce891261325f186b6a,"Pov: we have lot of problems and pain in our life..!!ð« 
.
.
.
.
.
.
.
.
.
.
.
.
#reels #instagram #instadaily #trending #relatable #relationshipgoals #alone #missyou #missingquotes #povreels #povquotes #friendship #friendsforever #gang #tamil #kerala",0
7e887b7ab016d95e88fe19e46460b2ae,"Adeiii evan patha velada ithuðð¥ watch Till Endð¤£ #c2c ( dm credit or removalâ¤ï¸ )
#azeez_mc 
.
.
#tamilmemes #memes #comedy #tamillyrics #tamiltrending #trendingreels #trending #cinema #trolls #uruttumemes #uruttucafe #tamilbgm #viral #viralreels #bgm #chennai #chennaimemes #kerala #malayalam",0
9d2b319ac0b025f6e4e20b96bc28cece,"ï¼­ï½ï½ï½ï½ï½ï½ â¤âð¥ð«ð¨
ðð¤ð¡ð¡ð¤ð¬ @bgm._.quote
Video Credit's @sid.efx_
#uvanmc",0
2db0f9fe602294ef918aea96ceea54c0,"Tag your bloodð©ðð
.
.
.
#tag #bestfriends #reelsinstagram #loveislove #explorepage #friendship #friendshipgoals #reelsvideo #viral #fypppppppppppppppppppppppppppppppppppppppppppppppppppppppppppppppppppppp #trendingreels #aesthetic #brokenheart #brothers #godgift #momlife #dadlife #sister #brothersister",0
45a6ca64d25bee76e2391005dc50e91c,"Follow @_namma._page ð¤
DM for paid promotion & collaboration â
.
.
#NAMMAPAGE#nammapageofficial #follow #trustedonlinejob #like#share #comment#funny #comedy #memes #funnyvideos #humor#meme#dailymemes #funnymemes#jokes #darkcomedy #instamemes  #memer #viralmemes#viral#memeworld #funnyvideos #jokes #art #trending #youtube #gaming#memeaccount#animememes",0
460d60fad2c21b3f908b71df01d2c9ed,ðââï¸ð¤¸ââï¸,0
b2ea76a1f682961ac8200c781b4a05c6,"MY BROTHERS â¤ï¸ð±ð
.
.
.
.
.
#thar #bhaichara #desi #cars #rao #elvishyadav
#attitude #elvisharmy #car_reels3508 #hyderabad #hyderabadi #power #viewforview #followforfollowback #followers #instalike #carporn #love",0
751d74a02d94d237c71a9f08c48856ab,"Thukudurai vs Antony ð¥
#admin01 
#c2c",0
e4d5a65052e121b7969134f22f8e3a37,"Best boysâ¤ï¸
ðThamaraikarai",0
e4d5a65052e121b7969134f22f8e3a37,"Bargur

#trending #trendingreels #friendship #friendshipgoals #vacation #fun #biriyani #thamaraikarai",1
baf215246451334d7c5159cbefe0a606,"Friends â¤ï¸âð©¹
. 
. 
. 
#friends #trending #viral",0
697ffd419d0a5ef1b5b1eb69d45bc5d5,"Goa Jana Padega Abbð¥º
Follow @memeofhimansh for more â¥ï¸",0
15c5572633d90630b6207b01484bf589,"à®¨à¯à®²à¯à®²à¯ à®¤à®®à®¿à®´à¯ ð¥

Follow us @tenkasi.360 

#tenkasi #tenkasi360 #tenkasidiaries #travelwithtenkasi360 #tenkasidistrict #tenkasijunction #tenkasiponnungada #nellai #tirunelveli #tirunelvelihalwa #madurai #coiambatore #chennai #keralagodsowncountry #instadaily #instamood #instagaram #viewsforviews",0
