sender_name,timestamp_ms,is_geoblocked_for_viewer,is_unsent_image_by_messenger_kid_parent,content,reactions_0_reaction,reactions_0_actor,reactions_0_timestamp,share_link,share_share_text,share_original_content_owner,unique_id,timestamp_ms_year,timestamp_ms_month,timestamp_ms_day,timestamp_ms_weekday,timestamp_ms_hour,reactions_0_timestamp_year,reactions_0_timestamp_month,reactions_0_timestamp_day,reactions_0_timestamp_weekday,reactions_0_timestamp_hour
ð¼ ð ð ð,1970-01-01 00:28:43.168705708+00:00,False,False,,,,,,,,690636cee2b71650b71b8ca9724adfd1,1970,1,1,3,0,,,,,
ð¼ ð ð ð,1970-01-01 00:28:43.168638685+00:00,False,False,ðð¡ðð§ð¤ ðððð¡ð..ð±ð«,,,,,,,78c24ce591c8e33b415623a530970be5,1970,1,1,3,0,,,,,
ð¼ ð ð ð,1970-01-01 00:28:43.168630145+00:00,False,False,à®®à¯à®à¯à®à¯ à®µà®¿à®°à¯à®®à¯à®ªà®¿à®¯à¯à®³à¯à®³à®¾à®°à¯,,,,,,,b8d74e7fd4c46d14050fbd9a008ce7c8,1970,1,1,3,0,,,,,
ððªð§ðª,1970-01-01 00:28:43.168401430+00:00,False,False,,â¤,ð¼ ð ð ð,1970-01-01 00:00:01.723168630+00:00,https://instagram.com/stories/gx._.lee/3430507569687862103,,,e296229acd2a90d12e84e2d8b8aade63,1970,1,1,3,0,1970.0,1.0,1.0,3.0,0.0
ð¼ ð ð ð,1970-01-01 00:28:42.781634370+00:00,False,False,ð¼ sent an attachment.,â¤,ððªð§ðª,1970-01-01 00:00:01.722848076+00:00,https://www.instagram.com/reel/C-NXj27yrLg/?id=3426498510735454944_7481484514,"Tag ur favourite one â¤ï¸âð©¹.....
Ayyayyyoooo

Edits : @machinated_media 
.
#trivandrum #kochi #beach #beauty #friendship #friends #nanban #sun #sunset #loveislove #gems #reels #reelsinstagram #trendingreels #trending #trend #instagram #instagood",anarkkali,a097288dfaec1b0b4f4378672cd4873e,1970,1,1,3,0,1970.0,1.0,1.0,3.0,0.0
