sender_name,timestamp_ms,content,is_geoblocked_for_viewer,is_unsent_image_by_messenger_kid_parent,share_link,reactions_0_reaction,reactions_0_actor,reactions_0_timestamp,share_share_text,share_original_content_owner,photos_0_uri,photos_0_creation_timestamp,unique_id,timestamp_ms_year,timestamp_ms_month,timestamp_ms_day,timestamp_ms_weekday,timestamp_ms_hour,reactions_0_timestamp_year,reactions_0_timestamp_month,reactions_0_timestamp_day,reactions_0_timestamp_weekday,reactions_0_timestamp_hour,photos_0_creation_timestamp_year,photos_0_creation_timestamp_month,photos_0_creation_timestamp_day,photos_0_creation_timestamp_weekday,photos_0_creation_timestamp_hour
_saturn17white_,1970-01-01 00:28:08.225813946+00:00,,False,False,,,,,,,,,e043359a60a7e988c5dc84b7fd22b5cc,1970,1,1,3,0,,,,,,,,,,
ððªð§ðª,1970-01-01 00:28:08.225759726+00:00,,False,False,,,,,,,,,859c06f0979e88764f6c14261cc3ebcc,1970,1,1,3,0,,,,,,,,,,
_saturn17white_,1970-01-01 00:28:08.225742543+00:00,,False,False,,,,,,,,,52b5818b105ad0d1db0099967c904c43,1970,1,1,3,0,,,,,,,,,,
ððªð§ðª,1970-01-01 00:28:08.225650683+00:00,,False,False,,,,,,,,,8be443982facb6b9ebc6850e0e309339,1970,1,1,3,0,,,,,,,,,,
_saturn17white_,1970-01-01 00:28:08.225623915+00:00,,False,False,,,,,,,,,d271e08ad7a0c4f25aebba293151085d,1970,1,1,3,0,,,,,,,,,,
ððªð§ðª,1970-01-01 00:28:08.225529301+00:00,,False,False,,,,,,,,,b07107d95d300dcfdb0b4fe0cafa9725,1970,1,1,3,0,,,,,,,,,,
_saturn17white_,1970-01-01 00:28:08.224362557+00:00,,False,False,,,,,,,,,92942c0e9561ae4294a4653c7aa7ee28,1970,1,1,3,0,,,,,,,,,,
ððªð§ðª,1970-01-01 00:28:08.221541343+00:00,,False,False,,,,,,,,,8e8895e07f76c54e30cfa6a715e7011b,1970,1,1,3,0,,,,,,,,,,
_saturn17white_,1970-01-01 00:28:08.220271365+00:00,,False,False,,,,,,,,,079fb550657b3ce3a312d5cb8e9b9021,1970,1,1,3,0,,,,,,,,,,
_saturn17white_,1970-01-01 00:28:08.220265146+00:00,,False,False,,,,,,,,,9779e9793e67e42e567c37dfd0bbef6b,1970,1,1,3,0,,,,,,,,,,
ððªð§ðª,1970-01-01 00:28:08.220201752+00:00,,False,False,,,,,,,,,4ea131651047e863bb13e19dc7e5a01b,1970,1,1,3,0,,,,,,,,,,
ððªð§ðª,1970-01-01 00:28:08.220196015+00:00,,False,False,,,,,,,,,70dbe981d3a3f14649640e25e64bd390,1970,1,1,3,0,,,,,,,,,,
_saturn17white_,1970-01-01 00:28:08.212594100+00:00,,False,False,,,,,,,,,0b75980f6571e70c23109cc33d4fb984,1970,1,1,3,0,,,,,,,,,,
ððªð§ðª,1970-01-01 00:28:08.200742293+00:00,,False,False,,,,,,,,,5db027ae4acebfca013a4ef35676b4b2,1970,1,1,3,0,,,,,,,,,,
_saturn17white_,1970-01-01 00:28:06.765039673+00:00,,False,False,,,,,,,,,1518d4e60f4ab232164bf3acee8b31c3,1970,1,1,3,0,,,,,,,,,,
ððªð§ðª,1970-01-01 00:28:06.763029498+00:00,,False,False,,,,,,,,,68472ee861136372bf2dfe790d660072,1970,1,1,3,0,,,,,,,,,,
ððªð§ðª,1970-01-01 00:28:00.598456281+00:00,,False,False,,,,,,,,,3c595da03155ac77d11540d368901252,1970,1,1,3,0,,,,,,,,,,
_saturn17white_,1970-01-01 00:28:00.597084655+00:00,,False,False,,,,,,,,,80ead64af46f04bdaf2e8482cfa89e09,1970,1,1,3,0,,,,,,,,,,
_saturn17white_,1970-01-01 00:28:00.597080719+00:00,,False,False,,,,,,,,,7bb8bdc5fa7beb0bc3f2e86b328fdcb0,1970,1,1,3,0,,,,,,,,,,
_saturn17white_,1970-01-01 00:28:00.597074200+00:00,,False,False,,,,,,,,,e01cffdbcef6d0220111e7573b64ef72,1970,1,1,3,0,,,,,,,,,,
_saturn17white_,1970-01-01 00:28:00.597071404+00:00,,False,False,,,,,,,,,b90acac80118d86de4ce7b1f2cc9740a,1970,1,1,3,0,,,,,,,,,,
_saturn17white_,1970-01-01 00:28:00.597060805+00:00,,False,False,,,,,,,,,9a52c04dc0c156988a0645a15ca90e2e,1970,1,1,3,0,,,,,,,,,,
ððªð§ðª,1970-01-01 00:28:00.597008681+00:00,,False,False,,,,,,,,,6349fd99d721d4fdac4664a0002f97c3,1970,1,1,3,0,,,,,,,,,,
_saturn17white_,1970-01-01 00:28:00.596924332+00:00,,False,False,,,,,,,,,a66d185c20f849ee5dfc389428278cc5,1970,1,1,3,0,,,,,,,,,,
ððªð§ðª,1970-01-01 00:28:00.596874665+00:00,,False,False,,,,,,,,,326da3db8ac4fb004db7e5b869cdddda,1970,1,1,3,0,,,,,,,,,,
_saturn17white_,1970-01-01 00:28:00.596761101+00:00,,False,False,,,,,,,,,a6e2cc9afde7cc7495b7e7b4706f29f3,1970,1,1,3,0,,,,,,,,,,
_saturn17white_,1970-01-01 00:28:00.596755813+00:00,,False,False,,,,,,,,,b293e6bbc22556947f8d3d1ce18b8b7c,1970,1,1,3,0,,,,,,,,,,
ððªð§ðª,1970-01-01 00:28:00.596703671+00:00,,False,False,,,,,,,,,8b38565afbe59f9bae1f9fa55479b214,1970,1,1,3,0,,,,,,,,,,
ððªð§ðª,1970-01-01 00:28:00.438179151+00:00,,False,False,,,,,,,,,e857765748471b26e6235a632fde156f,1970,1,1,3,0,,,,,,,,,,
_saturn17white_,1970-01-01 00:28:00.436680405+00:00,,False,False,,,,,,,,,71df538c584e192a9a781f3863e6a7fa,1970,1,1,3,0,,,,,,,,,,
ððªð§ðª,1970-01-01 00:28:00.436669827+00:00,,False,False,,,,,,,,,1dd7ce78772f27ddaac7d0665f7e40ee,1970,1,1,3,0,,,,,,,,,,
_saturn17white_,1970-01-01 00:28:00.434523365+00:00,,False,False,,,,,,,,,a9db528d1eb846fcd4ee0a3695a6878d,1970,1,1,3,0,,,,,,,,,,
ððªð§ðª,1970-01-01 00:28:00.434316886+00:00,,False,False,,,,,,,,,9e39c57ff72e2273f123bcb5781df84e,1970,1,1,3,0,,,,,,,,,,
ððªð§ðª,1970-01-01 00:28:00.434304578+00:00,,False,False,,,,,,,,,423999a7feed4a63f1371607920d492b,1970,1,1,3,0,,,,,,,,,,
_saturn17white_,1970-01-01 00:28:00.434293135+00:00,,False,False,,,,,,,,,c558b325513e0d149b71020dbe7172e4,1970,1,1,3,0,,,,,,,,,,
ððªð§ðª,1970-01-01 00:28:00.434256132+00:00,,False,False,,,,,,,,,25c7d66c19ff56b8d11a1d4e6a071df1,1970,1,1,3,0,,,,,,,,,,
_saturn17white_,1970-01-01 00:28:00.434240090+00:00,,False,False,,,,,,,,,286c332d8d8d3c887cbd775deb0bfb33,1970,1,1,3,0,,,,,,,,,,
ððªð§ðª,1970-01-01 00:28:00.434233935+00:00,,False,False,,,,,,,,,8fb3afc6384f799299ade905170e64ca,1970,1,1,3,0,,,,,,,,,,
ððªð§ðª,1970-01-01 00:28:00.434232234+00:00,,False,False,,,,,,,,,14a78c97bbc6123c191703cf6edcfb5b,1970,1,1,3,0,,,,,,,,,,
_saturn17white_,1970-01-01 00:28:00.434210955+00:00,,False,False,,,,,,,,,9afa4c03da479263b8f8aca7c4a4d4e2,1970,1,1,3,0,,,,,,,,,,
ððªð§ðª,1970-01-01 00:28:00.434193490+00:00,,False,False,,,,,,,,,82d88962b9b8f07139236a9b65c34dbf,1970,1,1,3,0,,,,,,,,,,
_saturn17white_,1970-01-01 00:28:00.434161059+00:00,,False,False,,,,,,,,,09da11e748b344b2a97c6840ecf72b45,1970,1,1,3,0,,,,,,,,,,
_saturn17white_,1970-01-01 00:28:00.434119935+00:00,,False,False,,,,,,,,,4bb1881ae75e957e484eeb2b24ec5995,1970,1,1,3,0,,,,,,,,,,
_saturn17white_,1970-01-01 00:28:00.434107790+00:00,,False,False,,,,,,,,,8d3401fe2ac64fef0ae9063046a412c0,1970,1,1,3,0,,,,,,,,,,
ððªð§ðª,1970-01-01 00:28:00.434051596+00:00,,False,False,,,,,,,,,298ae5f0203348d85324621416de01ad,1970,1,1,3,0,,,,,,,,,,
_saturn17white_,1970-01-01 00:28:00.433334908+00:00,,False,False,,,,,,,,,982a925e1ea4e33a361a07bf0d84df30,1970,1,1,3,0,,,,,,,,,,
ððªð§ðª,1970-01-01 00:28:00.352686025+00:00,,False,False,,,,,,,,,3fe6bbb07fd483c05bf6d7fcf3315943,1970,1,1,3,0,,,,,,,,,,
_saturn17white_,1970-01-01 00:27:59.591352865+00:00,,False,False,,,,,,,,,a5f94ad09b69e3ad30745d28a5856904,1970,1,1,3,0,,,,,,,,,,
ððªð§ðª,1970-01-01 00:27:59.590167945+00:00,,False,False,,,,,,,,,81b9813ae5b174e696a5014243bd03e0,1970,1,1,3,0,,,,,,,,,,
_saturn17white_,1970-01-01 00:27:59.590162374+00:00,,False,False,,,,,,,,,f0fa3db897a03e0c81c073bee7007dd4,1970,1,1,3,0,,,,,,,,,,
_saturn17white_,1970-01-01 00:27:59.590145917+00:00,,False,False,,,,,,,,,20c304d1d4407f17cdaaac04561267a5,1970,1,1,3,0,,,,,,,,,,
ððªð§ðª,1970-01-01 00:27:59.590137236+00:00,,False,False,,,,,,,,,b31222cef3409eb7f66dd311332b6abd,1970,1,1,3,0,,,,,,,,,,
_saturn17white_,1970-01-01 00:27:59.590137092+00:00,,False,False,,,,,,,,,52b3163f67aa922c223d895505b4ef80,1970,1,1,3,0,,,,,,,,,,
_saturn17white_,1970-01-01 00:27:59.590118819+00:00,,False,False,,,,,,,,,db92551edfb33cd7fadb0c8ccbcc7d9a,1970,1,1,3,0,,,,,,,,,,
_saturn17white_,1970-01-01 00:27:59.590110374+00:00,,False,False,,,,,,,,,4105b0e25834a17ff250f8389886b84c,1970,1,1,3,0,,,,,,,,,,
ððªð§ðª,1970-01-01 00:27:59.590110062+00:00,,False,False,,,,,,,,,7bf0222471365990482922c6b580d202,1970,1,1,3,0,,,,,,,,,,
ððªð§ðª,1970-01-01 00:27:59.590104488+00:00,,False,False,,,,,,,,,fc2990d5bb9111f8160e7a946caf1686,1970,1,1,3,0,,,,,,,,,,
_saturn17white_,1970-01-01 00:27:59.590085448+00:00,,False,False,,,,,,,,,723207e20a961dc3593a78ae88d79d07,1970,1,1,3,0,,,,,,,,,,
_saturn17white_,1970-01-01 00:27:59.590080484+00:00,,False,False,,,,,,,,,3d54eb9c124e1e42d3f35b43ce58f744,1970,1,1,3,0,,,,,,,,,,
_saturn17white_,1970-01-01 00:27:59.590077280+00:00,,False,False,,,,,,,,,2815b5dcfc94c5fe1714deea673deb8a,1970,1,1,3,0,,,,,,,,,,
_saturn17white_,1970-01-01 00:27:59.590062503+00:00,,False,False,,,,,,,,,66596017a90e6d22b665be86e90541ac,1970,1,1,3,0,,,,,,,,,,
ððªð§ðª,1970-01-01 00:27:59.590041775+00:00,,False,False,,,,,,,,,2c0bdcaf482664d3f9360507f0b81173,1970,1,1,3,0,,,,,,,,,,
_saturn17white_,1970-01-01 00:27:59.590028889+00:00,,False,False,,,,,,,,,7350bb38e2abcec523fc15eeb90c38f8,1970,1,1,3,0,,,,,,,,,,
_saturn17white_,1970-01-01 00:27:59.590027148+00:00,,False,False,,,,,,,,,29e26db1f8bf89d83abbd516d8225845,1970,1,1,3,0,,,,,,,,,,
ððªð§ðª,1970-01-01 00:27:59.590009680+00:00,,False,False,,,,,,,,,c87869a63f4b7f9fd6615ab250657a9a,1970,1,1,3,0,,,,,,,,,,
_saturn17white_,1970-01-01 00:27:59.589953560+00:00,,False,False,,,,,,,,,7b7db15fe1d6769d62bbd8739b122d03,1970,1,1,3,0,,,,,,,,,,
_saturn17white_,1970-01-01 00:27:59.589944652+00:00,,False,False,,,,,,,,,0d219631ebcc31f23dc341fd65723ca0,1970,1,1,3,0,,,,,,,,,,
ððªð§ðª,1970-01-01 00:27:59.589938298+00:00,,False,False,,,,,,,,,14b6d8d73dd949a233aea6e6c256ef1e,1970,1,1,3,0,,,,,,,,,,
_saturn17white_,1970-01-01 00:27:59.589848045+00:00,,False,False,,,,,,,,,0fc148def966bf1fbf5ed45bfa351088,1970,1,1,3,0,,,,,,,,,,
_saturn17white_,1970-01-01 00:27:59.589843596+00:00,,False,False,,,,,,,,,0ac14975fdd3768384f7f9f97eefc72f,1970,1,1,3,0,,,,,,,,,,
ððªð§ðª,1970-01-01 00:27:59.589826506+00:00,,False,False,,,,,,,,,bd76ef18ee84521faee00bc6eb7062e0,1970,1,1,3,0,,,,,,,,,,
ððªð§ðª,1970-01-01 00:27:59.589823870+00:00,,False,False,,,,,,,,,1089a5be1eafe038a46a5b0fe4033af4,1970,1,1,3,0,,,,,,,,,,
ððªð§ðª,1970-01-01 00:27:59.589786889+00:00,,False,False,,,,,,,,,a5f2806b4c7533f207aad228cacf7294,1970,1,1,3,0,,,,,,,,,,
_saturn17white_,1970-01-01 00:27:59.589774551+00:00,,False,False,,,,,,,,,7ac693ac873afa7ea97331ab0b5cc1d8,1970,1,1,3,0,,,,,,,,,,
_saturn17white_,1970-01-01 00:27:59.589763486+00:00,,False,False,,,,,,,,,b815f6a8d0cebe5947fa08746e689d34,1970,1,1,3,0,,,,,,,,,,
_saturn17white_,1970-01-01 00:27:59.589755556+00:00,,False,False,,,,,,,,,dbd6461a950d1880a907e003ba45aa8b,1970,1,1,3,0,,,,,,,,,,
_saturn17white_,1970-01-01 00:27:59.589751335+00:00,,False,False,,,,,,,,,89866238d508f74e9aaf22fa452daa7d,1970,1,1,3,0,,,,,,,,,,
ððªð§ðª,1970-01-01 00:27:59.589725791+00:00,,False,False,,,,,,,,,d02481e9fde1c1ce10042e1999afbdd6,1970,1,1,3,0,,,,,,,,,,
_saturn17white_,1970-01-01 00:27:59.589700793+00:00,,False,False,,,,,,,,,57930b847e9d1a71c4caef80fc9cdd59,1970,1,1,3,0,,,,,,,,,,
ððªð§ðª,1970-01-01 00:27:59.589689065+00:00,,False,False,,,,,,,,,4e0f433077134cb71c1adeb11b938600,1970,1,1,3,0,,,,,,,,,,
_saturn17white_,1970-01-01 00:27:59.589663996+00:00,,False,False,,,,,,,,,845dd6a52eaa945411be55d15e94243c,1970,1,1,3,0,,,,,,,,,,
ððªð§ðª,1970-01-01 00:27:59.589663414+00:00,,False,False,,,,,,,,,b486bbd9f787c927d0bd494a29bca4b1,1970,1,1,3,0,,,,,,,,,,
ððªð§ðª,1970-01-01 00:27:59.589656346+00:00,,False,False,,,,,,,,,707ff6874c733b209cafe691beb91650,1970,1,1,3,0,,,,,,,,,,
ððªð§ðª,1970-01-01 00:27:59.589635081+00:00,,False,False,,,,,,,,,b9706074a771aa2f43521873ac4c3e00,1970,1,1,3,0,,,,,,,,,,
_saturn17white_,1970-01-01 00:27:59.589631472+00:00,,False,False,,,,,,,,,9ea754d256da6230170d1874bee1aa6b,1970,1,1,3,0,,,,,,,,,,
_saturn17white_,1970-01-01 00:27:59.589624359+00:00,,False,False,,,,,,,,,89103b038d76289d73fb26f63e863c1e,1970,1,1,3,0,,,,,,,,,,
ððªð§ðª,1970-01-01 00:27:59.589543072+00:00,,False,False,,,,,,,,,79d5729ee872e76c4a2c6700883400c1,1970,1,1,3,0,,,,,,,,,,
_saturn17white_,1970-01-01 00:27:59.589528404+00:00,,False,False,,,,,,,,,589ae21986997118ea00d67602df0e5c,1970,1,1,3,0,,,,,,,,,,
_saturn17white_,1970-01-01 00:27:59.589517144+00:00,,False,False,,,,,,,,,0a425c78f2df7f949dafd7404d72c3f6,1970,1,1,3,0,,,,,,,,,,
ððªð§ðª,1970-01-01 00:27:59.589498603+00:00,,False,False,,,,,,,,,35d6c91df7f3e79d99dfba4cd16aa274,1970,1,1,3,0,,,,,,,,,,
_saturn17white_,1970-01-01 00:27:59.589446420+00:00,,False,False,,,,,,,,,a2fc3c7b639357528414a6290fc73863,1970,1,1,3,0,,,,,,,,,,
_saturn17white_,1970-01-01 00:27:59.589428454+00:00,,False,False,,,,,,,,,81347b25bd34dbf849de874d63032160,1970,1,1,3,0,,,,,,,,,,
ððªð§ðª,1970-01-01 00:27:59.587979457+00:00,,False,False,,,,,,,,,2ada3a009765837875a2e3dde97c48b5,1970,1,1,3,0,,,,,,,,,,
ððªð§ðª,1970-01-01 00:27:59.587949739+00:00,,False,False,,,,,,,,,4879c12373fb5f4b7672d923004309bf,1970,1,1,3,0,,,,,,,,,,
_saturn17white_,1970-01-01 00:27:59.587891905+00:00,,False,False,,,,,,,,,586a9a015c5042a7467817e02008873a,1970,1,1,3,0,,,,,,,,,,
ððªð§ðª,1970-01-01 00:27:59.585531918+00:00,,False,False,,,,,,,,,1dfa251e0e277b0a4230b0c908b4a0e4,1970,1,1,3,0,,,,,,,,,,
_saturn17white_,1970-01-01 00:27:59.584780561+00:00,,False,False,,,,,,,,,3fe4dbc990bd03f4fecd172f5bdb7d2a,1970,1,1,3,0,,,,,,,,,,
ððªð§ðª,1970-01-01 00:27:59.580689568+00:00,,False,False,,,,,,,,,7091a5b369abb2e881a1c040a56887e0,1970,1,1,3,0,,,,,,,,,,
_saturn17white_,1970-01-01 00:27:59.580228713+00:00,,False,False,,,,,,,,,01752c9af6c70f96b16c6c47e5b71be7,1970,1,1,3,0,,,,,,,,,,
ððªð§ðª,1970-01-01 00:27:59.578830122+00:00,,False,False,,,,,,,,,01bb4abd0f31533913bb6d640eeb749a,1970,1,1,3,0,,,,,,,,,,
_saturn17white_,1970-01-01 00:27:53.583947731+00:00,,False,False,,,,,,,,,c33eea257ed8f81ec52b737d155da212,1970,1,1,3,0,,,,,,,,,,
ððªð§ðª,1970-01-01 00:27:53.583885362+00:00,,False,False,,,,,,,,,dd3aee5dce5c3f7fe57df957a1f91568,1970,1,1,3,0,,,,,,,,,,
_saturn17white_,1970-01-01 00:27:53.583862541+00:00,,False,False,,,,,,,,,10d4fffd8953bb56b30371b8a0bfd243,1970,1,1,3,0,,,,,,,,,,
ððªð§ðª,1970-01-01 00:27:53.583846521+00:00,,False,False,,,,,,,,,8cbff26a5d28bb4aa5d67491b312d505,1970,1,1,3,0,,,,,,,,,,
ððªð§ðª,1970-01-01 00:27:53.583838055+00:00,,False,False,,,,,,,,,d2cfd3d5e9f867de4d37e0bc496ea970,1970,1,1,3,0,,,,,,,,,,
_saturn17white_,1970-01-01 00:27:53.583790730+00:00,,False,False,https://instagram.com/stories/gx._.lee/3014480577505967716,,,,,,,,7068910dbadd78c8d841acb0a7c7ad86,1970,1,1,3,0,,,,,,,,,,
_saturn17white_,1970-01-01 00:27:52.480226727+00:00,,False,False,,,,,,,,,a7f8c7d9265ea819b03f5c37fc64a8a9,1970,1,1,3,0,,,,,,,,,,
ððªð§ðª,1970-01-01 00:27:52.480219094+00:00,,False,False,,,,,,,,,830a694fdb9afb1b5c9f6d1cdcee46db,1970,1,1,3,0,,,,,,,,,,
_saturn17white_,1970-01-01 00:27:52.480204268+00:00,,False,False,,,,,,,,,3e39181bee87bca2ee0b35aaa39abd9d,1970,1,1,3,0,,,,,,,,,,
_saturn17white_,1970-01-01 00:27:52.480196977+00:00,,False,False,,,,,,,,,c5540198d3927e16bc239d82ef96b45e,1970,1,1,3,0,,,,,,,,,,
ððªð§ðª,1970-01-01 00:27:52.480162603+00:00,,False,False,,,,,,,,,6fa3c79e4d8869929abe57b84d0a963c,1970,1,1,3,0,,,,,,,,,,
ððªð§ðª,1970-01-01 00:27:52.480144530+00:00,,False,False,,,,,,,,,0f6063cee6f2bdf21d89d829335c8a17,1970,1,1,3,0,,,,,,,,,,
_saturn17white_,1970-01-01 00:27:52.480051886+00:00,,False,False,,,,,,,,,5285b6768c59ca8059fa82a2b102bff4,1970,1,1,3,0,,,,,,,,,,
_saturn17white_,1970-01-01 00:27:52.480048646+00:00,,False,False,,,,,,,,,e403517f914a0224fde4b4db26b8dbbf,1970,1,1,3,0,,,,,,,,,,
_saturn17white_,1970-01-01 00:27:52.480045699+00:00,,False,False,,,,,,,,,969680db41f13cdc189e3c79455fb174,1970,1,1,3,0,,,,,,,,,,
ððªð§ðª,1970-01-01 00:27:52.480025431+00:00,,False,False,,,,,,,,,b3d5801f195f8725a035b255c6b607a5,1970,1,1,3,0,,,,,,,,,,
ððªð§ðª,1970-01-01 00:27:52.480010260+00:00,,False,False,,,,,,,,,3bf2df358d0a304ec1d8ce82abd55731,1970,1,1,3,0,,,,,,,,,,
_saturn17white_,1970-01-01 00:27:52.479993247+00:00,,False,False,,,,,,,,,1b6733173f2f8d35ba1113f172aa4a34,1970,1,1,3,0,,,,,,,,,,
_saturn17white_,1970-01-01 00:27:52.479988155+00:00,,False,False,,,,,,,,,3078021f4c65f0291df32971b932dc95,1970,1,1,3,0,,,,,,,,,,
ððªð§ðª,1970-01-01 00:27:52.478824224+00:00,,False,False,,,,,,,,,04bd58df507a3d5ad42fc2c2190a354c,1970,1,1,3,0,,,,,,,,,,
ððªð§ðª,1970-01-01 00:27:52.478814714+00:00,,False,False,,,,,,,,,e4e040d847292b519967d2d88d02e69d,1970,1,1,3,0,,,,,,,,,,
ððªð§ðª,1970-01-01 00:27:52.478783752+00:00,,False,False,,,,,,,,,51c92f657e6bcf4bf183037287a86d0f,1970,1,1,3,0,,,,,,,,,,
_saturn17white_,1970-01-01 00:27:52.478383964+00:00,,False,False,,,,,,,,,ea6b312d99487ed79528c5e133eb960d,1970,1,1,3,0,,,,,,,,,,
_saturn17white_,1970-01-01 00:27:48.330007391+00:00,,False,False,,,,,,,,,1a3d225d3b86bb8162276dce91586eca,1970,1,1,3,0,,,,,,,,,,
ððªð§ðª,1970-01-01 00:27:48.329978639+00:00,,False,False,,,,,,,,,959b845c658325e76aa426b457eee94f,1970,1,1,3,0,,,,,,,,,,
_saturn17white_,1970-01-01 00:27:48.329966457+00:00,,False,False,,,,,,,,,99b928253969a7b362e4ce5cd94edfd4,1970,1,1,3,0,,,,,,,,,,
_saturn17white_,1970-01-01 00:27:48.329962732+00:00,,False,False,,,,,,,,,bfb4e9b65b7253123074a7e24f6d2eeb,1970,1,1,3,0,,,,,,,,,,
ððªð§ðª,1970-01-01 00:27:48.311926030+00:00,,False,False,,,,,,,,,6884a784653036f2a5f021bee0a3707a,1970,1,1,3,0,,,,,,,,,,
ððªð§ðª,1970-01-01 00:27:48.311922950+00:00,,False,False,,,,,,,,,8f3e96465f42bcbe83478200652b81d1,1970,1,1,3,0,,,,,,,,,,
_saturn17white_,1970-01-01 00:27:48.311845583+00:00,,False,False,,,,,,,,,cd357a8b8a29aa4b9d5868c7fa31ed8f,1970,1,1,3,0,,,,,,,,,,
ððªð§ðª,1970-01-01 00:27:48.311460288+00:00,,False,False,,,,,,,,,15ab8844c45eebc5f279e15ac17a4eb2,1970,1,1,3,0,,,,,,,,,,
_saturn17white_,1970-01-01 00:27:44.595775542+00:00,,False,False,,,,,,,,,eaea22544142b5906396d35cde31dab0,1970,1,1,3,0,,,,,,,,,,
ððªð§ðª,1970-01-01 00:27:44.594725123+00:00,,False,False,,ð,_saturn17white_,1970-01-01 00:00:01.664595775+00:00,,,,,6b25fcb1d1003d0a180daec5c5863c64,1970,1,1,3,0,1970.0,1.0,1.0,3.0,0.0,,,,,
_saturn17white_,1970-01-01 00:27:40.657227510+00:00,,False,False,,â¤ï¸,ððªð§ðª,1970-01-01 00:00:01.660657258+00:00,,,,,1af25a0b24c8c884c76d8e05ca93fa64,1970,1,1,3,0,1970.0,1.0,1.0,3.0,0.0,,,,,
ððªð§ðª,1970-01-01 00:27:40.657220263+00:00,,False,False,,,,,,,,,8320b5dbb25009ca1f6d90b6ce95182d,1970,1,1,3,0,,,,,,,,,,
_saturn17white_,1970-01-01 00:27:40.657201922+00:00,,False,False,,,,,,,,,375abcacc95bfc23dafd22689912850f,1970,1,1,3,0,,,,,,,,,,
_saturn17white_,1970-01-01 00:27:40.657185516+00:00,,False,False,,,,,,,,,dc0275b7399bc2b9b53b77077b395b91,1970,1,1,3,0,,,,,,,,,,
ððªð§ðª,1970-01-01 00:27:40.657054615+00:00,,False,False,,,,,,,,,56c182027fd111225b8bb8237530f5c8,1970,1,1,3,0,,,,,,,,,,
ððªð§ðª,1970-01-01 00:27:40.657017128+00:00,,False,False,,,,,,,,,a16f19dad15205f2c5fed6c973c8502e,1970,1,1,3,0,,,,,,,,,,
_saturn17white_,1970-01-01 00:27:40.657003287+00:00,,False,False,,,,,,,,,1f9c637c69e0bea703cffb10d99c8c22,1970,1,1,3,0,,,,,,,,,,
ððªð§ðª,1970-01-01 00:27:40.656974078+00:00,,False,False,,,,,,,,,70ececdde6c3d2706bc900289e25bcf1,1970,1,1,3,0,,,,,,,,,,
ððªð§ðª,1970-01-01 00:27:40.656958459+00:00,,False,False,,,,,,,,,60bfc342949e0fef7367d00542170c16,1970,1,1,3,0,,,,,,,,,,
_saturn17white_,1970-01-01 00:27:40.580709878+00:00,,False,False,,,,,,,,,ca6071361c5903c89172988f619d4c7f,1970,1,1,3,0,,,,,,,,,,
ððªð§ðª,1970-01-01 00:27:40.580393508+00:00,,False,False,https://www.instagram.com/p/ChSUGv_pXkN/,ð,_saturn17white_,1970-01-01 00:00:01.660580709+00:00,,vera_level_memes,,,dc2deb72aad344e491d4e95ffb396487,1970,1,1,3,0,1970.0,1.0,1.0,3.0,0.0,,,,,
ððªð§ðª,1970-01-01 00:27:40.566726084+00:00,,False,False,,,,,,,,,3b62c2ba4f3743fad4e5174e72d1ff65,1970,1,1,3,0,,,,,,,,,,
_saturn17white_,1970-01-01 00:27:40.566720506+00:00,,False,False,,,,,,,,,35402d79466443f9fc807631b3b0e5b3,1970,1,1,3,0,,,,,,,,,,
_saturn17white_,1970-01-01 00:27:40.566715475+00:00,,False,False,,,,,,,,,f4147ec39557279c56d664aea5b61e2c,1970,1,1,3,0,,,,,,,,,,
_saturn17white_,1970-01-01 00:27:40.566701828+00:00,,False,False,,,,,,,,,3cd3dff9dbcd29c49275218952987136,1970,1,1,3,0,,,,,,,,,,
ððªð§ðª,1970-01-01 00:27:40.566682043+00:00,,False,False,,,,,,,,,4cfc67b84aadb083740e5c8909586dd4,1970,1,1,3,0,,,,,,,,,,
_saturn17white_,1970-01-01 00:27:40.566673104+00:00,,False,False,,,,,,,,,a2cc21555eabeb7108b0ac64ddf63b13,1970,1,1,3,0,,,,,,,,,,
ððªð§ðª,1970-01-01 00:27:40.566656314+00:00,,False,False,,,,,,,,,4f8566ff9f7ab6576fecc6578cace504,1970,1,1,3,0,,,,,,,,,,
ððªð§ðª,1970-01-01 00:27:40.566578443+00:00,,False,False,,,,,,,,,9428a1ca10a1fc5847aaaebb2c200cde,1970,1,1,3,0,,,,,,,,,,
_saturn17white_,1970-01-01 00:27:40.566576236+00:00,,False,False,,,,,,,,,72858ae2c651dc05d007e9d77ed094ee,1970,1,1,3,0,,,,,,,,,,
_saturn17white_,1970-01-01 00:27:40.566572519+00:00,,False,False,,,,,,,,,ea48d6e99e438a9f2520687b21597538,1970,1,1,3,0,,,,,,,,,,
ððªð§ðª,1970-01-01 00:27:40.566565421+00:00,,False,False,,,,,,,,,98ff8360823e97ab944f9a4d97bf1c46,1970,1,1,3,0,,,,,,,,,,
_saturn17white_,1970-01-01 00:27:40.566559517+00:00,,False,False,,,,,,,,,b34c67460ade0c1ba5b5d850cd3d9d52,1970,1,1,3,0,,,,,,,,,,
ððªð§ðª,1970-01-01 00:27:40.566550390+00:00,,False,False,,,,,,,,,18d627ea8e3e8a49f19c0ee44cc9061b,1970,1,1,3,0,,,,,,,,,,
_saturn17white_,1970-01-01 00:27:40.566539778+00:00,,False,False,,,,,,,,,1f7dac4e92e6f295d9675de62b5bf704,1970,1,1,3,0,,,,,,,,,,
_saturn17white_,1970-01-01 00:27:40.566537713+00:00,,False,False,,,,,,,,,5a6088b16a8e3a2ab6569532effef676,1970,1,1,3,0,,,,,,,,,,
_saturn17white_,1970-01-01 00:27:40.566528216+00:00,,False,False,,,,,,,,,909f5301a1a0403434756e8991663841,1970,1,1,3,0,,,,,,,,,,
ððªð§ðª,1970-01-01 00:27:40.566520523+00:00,,False,False,,,,,,,,,8257c254712d8de158638284651151f1,1970,1,1,3,0,,,,,,,,,,
_saturn17white_,1970-01-01 00:27:40.566504765+00:00,,False,False,,,,,,,,,5505198f64cf67332c657299356c039a,1970,1,1,3,0,,,,,,,,,,
ððªð§ðª,1970-01-01 00:27:40.566494996+00:00,,False,False,,,,,,,,,dff13151b44cf397f5016f134cd2c75d,1970,1,1,3,0,,,,,,,,,,
_saturn17white_,1970-01-01 00:27:40.566310290+00:00,,False,False,,,,,,,,,fcf0d3e046be6f6bc56bb4e38108a9fe,1970,1,1,3,0,,,,,,,,,,
_saturn17white_,1970-01-01 00:27:40.566306579+00:00,,False,False,,,,,,,,,f45cf7131759f85bc1053df1412c2e54,1970,1,1,3,0,,,,,,,,,,
ððªð§ðª,1970-01-01 00:27:40.566172250+00:00,,False,False,,,,,,,,,55c195fde2f8010a2e52b23eb6ef9da8,1970,1,1,3,0,,,,,,,,,,
_saturn17white_,1970-01-01 00:27:40.566127566+00:00,,False,False,,,,,,,,,89c2f9f1809dea9af9d3f85f92afa6a7,1970,1,1,3,0,,,,,,,,,,
ððªð§ðª,1970-01-01 00:27:40.566092413+00:00,,False,False,,,,,,,,,5f4a80f4c7ef404320553753c3458f57,1970,1,1,3,0,,,,,,,,,,
_saturn17white_,1970-01-01 00:27:40.565968330+00:00,,False,False,,,,,,,,,c031f82a4aaa91e75b6a2c5fba2ed68c,1970,1,1,3,0,,,,,,,,,,
ððªð§ðª,1970-01-01 00:27:40.565826059+00:00,,False,False,,,,,,,,,04bcbf4ed31e5e618383bd4428c5c6b8,1970,1,1,3,0,,,,,,,,,,
ððªð§ðª,1970-01-01 00:27:40.565748094+00:00,,False,False,,,,,,,,,50de655649dd2c64151561d0067e96c7,1970,1,1,3,0,,,,,,,,,,
_saturn17white_,1970-01-01 00:27:40.565742997+00:00,,False,False,,,,,,,,,2d3bb80a51483360dc99bd0933bdfcdc,1970,1,1,3,0,,,,,,,,,,
ððªð§ðª,1970-01-01 00:27:40.565736247+00:00,,False,False,,,,,,,,,16f112dfdd28db59b402aaeb4b30bcd1,1970,1,1,3,0,,,,,,,,,,
_saturn17white_,1970-01-01 00:27:40.565701808+00:00,,False,False,,,,,,,,,2f7d1ed15acee70db99cc5b3d1268600,1970,1,1,3,0,,,,,,,,,,
ððªð§ðª,1970-01-01 00:27:40.565686670+00:00,,False,False,,,,,,,,,7b463cff682fa9e7f6caffbdab0f7bc1,1970,1,1,3,0,,,,,,,,,,
_saturn17white_,1970-01-01 00:27:40.565679382+00:00,,False,False,,,,,,,,,42ea65bf359840472e18b5d4e388b949,1970,1,1,3,0,,,,,,,,,,
_saturn17white_,1970-01-01 00:27:40.565676976+00:00,,False,False,,,,,,,,,5c018a95c44759cfdb73635abb36d918,1970,1,1,3,0,,,,,,,,,,
_saturn17white_,1970-01-01 00:27:40.565642375+00:00,,False,False,,,,,,,,,128dcc42fc062a52a5db154dce2224f1,1970,1,1,3,0,,,,,,,,,,
ððªð§ðª,1970-01-01 00:27:40.565588289+00:00,,False,False,,,,,,,,,2c6203c34a2bb623c515bf642da15dc8,1970,1,1,3,0,,,,,,,,,,
_saturn17white_,1970-01-01 00:27:40.565564627+00:00,,False,False,,,,,,,,,51822ad117eb3a228fd764958d95dfde,1970,1,1,3,0,,,,,,,,,,
ððªð§ðª,1970-01-01 00:27:40.565555869+00:00,,False,False,,,,,,,,,ff3b0f3510ab205155b96799eba8a960,1970,1,1,3,0,,,,,,,,,,
_saturn17white_,1970-01-01 00:27:40.565544776+00:00,,False,False,,,,,,,,,58bd7701afe14f4a506b2b8002cb78e2,1970,1,1,3,0,,,,,,,,,,
ððªð§ðª,1970-01-01 00:27:40.565537195+00:00,,False,False,,,,,,,,,7482f92cf88462b8174e84d1164a7fd7,1970,1,1,3,0,,,,,,,,,,
ððªð§ðª,1970-01-01 00:27:40.565521242+00:00,,False,False,,,,,,,,,f97fe56740eb84dcbc32721d165df3ef,1970,1,1,3,0,,,,,,,,,,
ððªð§ðª,1970-01-01 00:27:40.565498811+00:00,,False,False,,,,,,,,,b999e7e16648e7d4a7c89c632ec81a6e,1970,1,1,3,0,,,,,,,,,,
ððªð§ðª,1970-01-01 00:27:40.565483205+00:00,,False,False,,,,,,,,,9bebb9be5ae929ba83a3d6eb3ab3f122,1970,1,1,3,0,,,,,,,,,,
_saturn17white_,1970-01-01 00:27:40.565382117+00:00,,False,False,,,,,,,,,74a1aa779bdce51a7f7c27afd409b652,1970,1,1,3,0,,,,,,,,,,
ððªð§ðª,1970-01-01 00:27:40.565373965+00:00,,False,False,,,,,,,,,c8196b49f629c2a741b85cec5cd8e86c,1970,1,1,3,0,,,,,,,,,,
_saturn17white_,1970-01-01 00:27:40.565367025+00:00,,False,False,,,,,,,,,c658aaf6ff378b6411cc730d746b5262,1970,1,1,3,0,,,,,,,,,,
ððªð§ðª,1970-01-01 00:27:40.565354004+00:00,,False,False,,,,,,,,,71e1343075bd45cd780c57dc573d7599,1970,1,1,3,0,,,,,,,,,,
_saturn17white_,1970-01-01 00:27:40.565324368+00:00,,False,False,,,,,,,,,df9db44b37b4f74040f79b4da126a3a1,1970,1,1,3,0,,,,,,,,,,
ððªð§ðª,1970-01-01 00:27:40.565306336+00:00,,False,False,,,,,,,,,cabdde024b9c1f4fc8d0167aa30c8781,1970,1,1,3,0,,,,,,,,,,
_saturn17white_,1970-01-01 00:27:40.565290182+00:00,,False,False,,,,,,,,,41a6a6c06787a5ac0743a4430070d2af,1970,1,1,3,0,,,,,,,,,,
_saturn17white_,1970-01-01 00:27:40.565273442+00:00,,False,False,,,,,,,,,55cb1f6803374cdac88f1363e70a6174,1970,1,1,3,0,,,,,,,,,,
ððªð§ðª,1970-01-01 00:27:40.565273426+00:00,,False,False,,,,,,,,,b2cfc19063e13c5fbbe0a8586cd14fed,1970,1,1,3,0,,,,,,,,,,
ððªð§ðª,1970-01-01 00:27:40.565271439+00:00,,False,False,,,,,,,,,52231a73088d09837f855ac27fdd7aa6,1970,1,1,3,0,,,,,,,,,,
ððªð§ðª,1970-01-01 00:27:40.565263808+00:00,,False,False,,,,,,,,,1776725e1da592475c59b3089c5387bf,1970,1,1,3,0,,,,,,,,,,
ððªð§ðª,1970-01-01 00:27:40.565235751+00:00,,False,False,,,,,,,,,e1bcde320ea5ec20d6112396905b1122,1970,1,1,3,0,,,,,,,,,,
_saturn17white_,1970-01-01 00:27:40.565213734+00:00,,False,False,,,,,,,,,6965a5251183664b7ca5eb2c36555f20,1970,1,1,3,0,,,,,,,,,,
_saturn17white_,1970-01-01 00:27:40.565203282+00:00,,False,False,,,,,,,,,8e532d7c8aa01089f40ab6c32a60bfc9,1970,1,1,3,0,,,,,,,,,,
ððªð§ðª,1970-01-01 00:27:40.565176327+00:00,,False,False,,,,,,,,,648a306cb8ea335ceccec5a357f2738e,1970,1,1,3,0,,,,,,,,,,
_saturn17white_,1970-01-01 00:27:40.565166817+00:00,,False,False,,,,,,,,,336406be9a65739827359f8c6b97e45e,1970,1,1,3,0,,,,,,,,,,
ððªð§ðª,1970-01-01 00:27:40.565154246+00:00,,False,False,,,,,,,,,3d5b13c146a60bbeac0bb057b4e508b0,1970,1,1,3,0,,,,,,,,,,
_saturn17white_,1970-01-01 00:27:40.565140470+00:00,,False,False,,,,,,,,,e107d816fe14e4f9d0bb2eca2adc0936,1970,1,1,3,0,,,,,,,,,,
ððªð§ðª,1970-01-01 00:27:40.565129201+00:00,,False,False,,,,,,,,,bc4a6b8760217a4d07bc53de5f9678fc,1970,1,1,3,0,,,,,,,,,,
_saturn17white_,1970-01-01 00:27:40.565103570+00:00,,False,False,,,,,,,,,8f72575b6193c8383e6b89d6750f1525,1970,1,1,3,0,,,,,,,,,,
ððªð§ðª,1970-01-01 00:27:40.565087233+00:00,,False,False,,,,,,,,,a06be4d086204e5b0659049ff7e225cb,1970,1,1,3,0,,,,,,,,,,
_saturn17white_,1970-01-01 00:27:40.565066029+00:00,,False,False,,,,,,,,,2ffc982d159cb7b3e2db2ad7850d3479,1970,1,1,3,0,,,,,,,,,,
ððªð§ðª,1970-01-01 00:27:40.565053898+00:00,,False,False,,,,,,,,,28c35a78bdd46f1c664fffcffe578bb3,1970,1,1,3,0,,,,,,,,,,
_saturn17white_,1970-01-01 00:27:40.565040996+00:00,,False,False,,,,,,,,,f1b70d020b6f00c36902918d63ac5f75,1970,1,1,3,0,,,,,,,,,,
_saturn17white_,1970-01-01 00:27:40.565028031+00:00,,False,False,,,,,,,,,7efad4669bd91e223129350a37cdc6b7,1970,1,1,3,0,,,,,,,,,,
ððªð§ðª,1970-01-01 00:27:40.565013952+00:00,,False,False,,,,,,,,,2443b6c03ddf56063d6fe1073e19f432,1970,1,1,3,0,,,,,,,,,,
_saturn17white_,1970-01-01 00:27:40.565003068+00:00,,False,False,,,,,,,,,e73aea54687bd4dba97fbde25e5817d0,1970,1,1,3,0,,,,,,,,,,
ððªð§ðª,1970-01-01 00:27:40.564983368+00:00,,False,False,,,,,,,,,e36330ff4ec42fc300de4176bdad5b55,1970,1,1,3,0,,,,,,,,,,
ððªð§ðª,1970-01-01 00:27:40.564973607+00:00,,False,False,,,,,,,,,30e7938d01d3d4f136873bc93f3cb819,1970,1,1,3,0,,,,,,,,,,
_saturn17white_,1970-01-01 00:27:40.564947357+00:00,,False,False,,,,,,,,,ab58a465660b14ce88156c35a960f083,1970,1,1,3,0,,,,,,,,,,
ððªð§ðª,1970-01-01 00:27:40.564931615+00:00,,False,False,,,,,,,,,58a63166b14c1318022d2075474c5432,1970,1,1,3,0,,,,,,,,,,
_saturn17white_,1970-01-01 00:27:40.564896972+00:00,,False,False,,,,,,,,,cf956df9c9d2d0b1b1be0ac7b08fbdf5,1970,1,1,3,0,,,,,,,,,,
_saturn17white_,1970-01-01 00:27:40.564877858+00:00,,False,False,,â¤ï¸,ððªð§ðª,1970-01-01 00:00:01.660564886+00:00,,,,,b02a70cbaf77aa7e22ff35eb459a0ae3,1970,1,1,3,0,1970.0,1.0,1.0,3.0,0.0,,,,,
ððªð§ðª,1970-01-01 00:27:40.564854951+00:00,,False,False,,,,,,,,,8fbbb4435c1e6a0a1e49ac9f809d171a,1970,1,1,3,0,,,,,,,,,,
ððªð§ðª,1970-01-01 00:27:40.564821411+00:00,,False,False,,,,,,,,,f2a3ea44928c955ec0887a3eae7fc041,1970,1,1,3,0,,,,,,,,,,
_saturn17white_,1970-01-01 00:27:40.564793107+00:00,,False,False,,,,,,,,,fbf5027da14089d8f4552095e2288049,1970,1,1,3,0,,,,,,,,,,
ððªð§ðª,1970-01-01 00:27:40.564779316+00:00,,False,False,,,,,,,,,b8800847fba3bba83f322132499dff1a,1970,1,1,3,0,,,,,,,,,,
ððªð§ðª,1970-01-01 00:27:40.564766114+00:00,,False,False,,,,,,,,,d136736ce1904c8b12882deeb5037a71,1970,1,1,3,0,,,,,,,,,,
_saturn17white_,1970-01-01 00:27:40.564756409+00:00,,False,False,,,,,,,,,45c3337545b10f75cdc6e7c2809cce54,1970,1,1,3,0,,,,,,,,,,
_saturn17white_,1970-01-01 00:27:40.564742478+00:00,,False,False,,,,,,,,,5e39dbdffd7ec8ccd5a7c710b0986840,1970,1,1,3,0,,,,,,,,,,
ððªð§ðª,1970-01-01 00:27:40.564725197+00:00,,False,False,,,,,,,,,c00814cca1fb5344dcd64d8a293c4ff0,1970,1,1,3,0,,,,,,,,,,
_saturn17white_,1970-01-01 00:27:40.564687793+00:00,,False,False,,,,,,,,,a3509b1c2d2ebb5c5d393517c0703f0d,1970,1,1,3,0,,,,,,,,,,
ððªð§ðª,1970-01-01 00:27:40.564657143+00:00,,False,False,,,,,,,,,bce42732bb6a6520930c847413fa5666,1970,1,1,3,0,,,,,,,,,,
_saturn17white_,1970-01-01 00:27:40.564647908+00:00,,False,False,,,,,,,,,f0e7b9d40514a74190bf78d503438892,1970,1,1,3,0,,,,,,,,,,
_saturn17white_,1970-01-01 00:27:40.564646112+00:00,,False,False,,,,,,,,,d93fba2009f1e673443d83bdf0c6ebe9,1970,1,1,3,0,,,,,,,,,,
ððªð§ðª,1970-01-01 00:27:40.564634720+00:00,,False,False,,,,,,,,,8cdaccaeb715678204381fb899e57749,1970,1,1,3,0,,,,,,,,,,
_saturn17white_,1970-01-01 00:27:40.564627510+00:00,,False,False,,,,,,,,,ff25dc20d22378cf625ec259bf5fb11b,1970,1,1,3,0,,,,,,,,,,
ððªð§ðª,1970-01-01 00:27:40.564615687+00:00,,False,False,,,,,,,,,2e6d3469b1ce874bd8388edef12e7995,1970,1,1,3,0,,,,,,,,,,
_saturn17white_,1970-01-01 00:27:40.564600916+00:00,,False,False,,,,,,,,,22e736dd9396e80b0acc87c8f19f67d5,1970,1,1,3,0,,,,,,,,,,
_saturn17white_,1970-01-01 00:27:40.564591639+00:00,,False,False,,,,,,,,,08efd29ea65b264cbcb90e7014b193b7,1970,1,1,3,0,,,,,,,,,,
ððªð§ðª,1970-01-01 00:27:40.564558088+00:00,,False,False,,,,,,,,,10f3acafa0d0494a4e54ef7c23530805,1970,1,1,3,0,,,,,,,,,,
ððªð§ðª,1970-01-01 00:27:40.564464179+00:00,,False,False,,,,,,,,,5e1ff3d3d4adada6dbd9a206c35232db,1970,1,1,3,0,,,,,,,,,,
ððªð§ðª,1970-01-01 00:27:40.564433021+00:00,,False,False,,,,,,,,,9367dfedb9db2a22fbe794e8e4692d34,1970,1,1,3,0,,,,,,,,,,
ððªð§ðª,1970-01-01 00:27:40.564378582+00:00,,False,False,,,,,,,,,0febc846205059f882ceab5b06059337,1970,1,1,3,0,,,,,,,,,,
_saturn17white_,1970-01-01 00:27:40.564326660+00:00,,False,False,,,,,,,,,edb8d9ff12cf79667bef34a7fdc43afb,1970,1,1,3,0,,,,,,,,,,
ððªð§ðª,1970-01-01 00:27:40.200564304+00:00,,False,False,,,,,,,,,a57f69676e15ac5124cc7dac55cf3383,1970,1,1,3,0,,,,,,,,,,
_saturn17white_,1970-01-01 00:27:40.200562694+00:00,,False,False,,â¤ï¸,ððªð§ðª,1970-01-01 00:00:01.660200573+00:00,,,,,90d96704eba2ce3543c244cd2b782019,1970,1,1,3,0,1970.0,1.0,1.0,3.0,0.0,,,,,
_saturn17white_,1970-01-01 00:27:40.200552571+00:00,,False,False,,,,,,,,,57a47882a70f2746b200ad0506754697,1970,1,1,3,0,,,,,,,,,,
_saturn17white_,1970-01-01 00:27:40.200548816+00:00,,False,False,,,,,,,,,e708cb3cc9d50f373a22afbc63628732,1970,1,1,3,0,,,,,,,,,,
ððªð§ðª,1970-01-01 00:27:40.200541925+00:00,,False,False,,,,,,,,,45c093aef165d46ca30ccdff6a44a827,1970,1,1,3,0,,,,,,,,,,
ððªð§ðª,1970-01-01 00:27:40.200535442+00:00,,False,False,,,,,,,,,d1a1b7e4f5bb098b59dcd36c203df1bd,1970,1,1,3,0,,,,,,,,,,
ððªð§ðª,1970-01-01 00:27:40.200523340+00:00,,False,False,,,,,,,,,1f3580571b4dee148784d402ae04d9a3,1970,1,1,3,0,,,,,,,,,,
_saturn17white_,1970-01-01 00:27:40.200500009+00:00,,False,False,,,,,,,,,1067acbca9b208c3a254ec23d02b66ee,1970,1,1,3,0,,,,,,,,,,
_saturn17white_,1970-01-01 00:27:40.200491365+00:00,,False,False,,,,,,,,,07ce0f48722607c5f5e7c56723db4c7a,1970,1,1,3,0,,,,,,,,,,
ððªð§ðª,1970-01-01 00:27:40.200482260+00:00,,False,False,,,,,,,,,ab9f1028e1109ee89b902e1d41ba5cd4,1970,1,1,3,0,,,,,,,,,,
ððªð§ðª,1970-01-01 00:27:40.200472489+00:00,,False,False,,,,,,,,,8522fa4e0d6815588e1df581411c3801,1970,1,1,3,0,,,,,,,,,,
_saturn17white_,1970-01-01 00:27:39.507498356+00:00,,False,False,,â¤ï¸,ððªð§ðª,1970-01-01 00:00:01.659509781+00:00,,,,,ea805e88d322da12bf2daf2938959060,1970,1,1,3,0,1970.0,1.0,1.0,3.0,0.0,,,,,
ððªð§ðª,1970-01-01 00:27:39.436190484+00:00,,False,False,,,,,,,,,2cf17b5988411329fcf7eae441a1ac8e,1970,1,1,3,0,,,,,,,,,,
ððªð§ðª,1970-01-01 00:27:39.436182588+00:00,,False,False,,,,,,,,,19a8926705ad7c27d474f8d05c378793,1970,1,1,3,0,,,,,,,,,,
_saturn17white_,1970-01-01 00:27:39.421044827+00:00,,False,False,,,,,,,,,79ccfe9fdf870d87886aaf39559ca2e0,1970,1,1,3,0,,,,,,,,,,
_saturn17white_,1970-01-01 00:27:39.421040694+00:00,,False,False,,,,,,,,,5ac01e06a302f7d837773b9d526d2c0a,1970,1,1,3,0,,,,,,,,,,
ððªð§ðª,1970-01-01 00:27:39.345849381+00:00,,False,False,,,,,,,,,37187b8d04bc22138462d1d12afb78ce,1970,1,1,3,0,,,,,,,,,,
ððªð§ðª,1970-01-01 00:27:39.345498581+00:00,,False,False,,,,,,,,,bfb187d10662b565ed50adc7c3d2c3c6,1970,1,1,3,0,,,,,,,,,,
ððªð§ðª,1970-01-01 00:27:39.345464082+00:00,,False,False,,,,,,,,,7224e7fa0a9350f7a99c29ec5e73cfc1,1970,1,1,3,0,,,,,,,,,,
ððªð§ðª,1970-01-01 00:27:39.345445977+00:00,,False,False,,,,,,,,,dd9326ff19204f8bfc4b31592e3e2cce,1970,1,1,3,0,,,,,,,,,,
ððªð§ðª,1970-01-01 00:27:39.345420569+00:00,,False,False,,,,,,,,,18d2d8ab4e85c4281d0ea3812d85dde0,1970,1,1,3,0,,,,,,,,,,
_saturn17white_,1970-01-01 00:27:39.326985327+00:00,,False,False,,,,,,,,,267b577de3dc961cc468ef497ebd6a55,1970,1,1,3,0,,,,,,,,,,
_saturn17white_,1970-01-01 00:27:38.641633342+00:00,,False,False,,,,,,,,,863d4005ea7f7da75ede284bf4993900,1970,1,1,3,0,,,,,,,,,,
ððªð§ðª,1970-01-01 00:27:38.641282545+00:00,,False,False,,ð¤,_saturn17white_,1970-01-01 00:00:01.658641633+00:00,,,,,6737055e64e0602bf66e5b7f9c6709e2,1970,1,1,3,0,1970.0,1.0,1.0,3.0,0.0,,,,,
_saturn17white_,1970-01-01 00:27:38.640191448+00:00,,False,False,,,,,,,,,6218f417753d609954762428a83b106b,1970,1,1,3,0,,,,,,,,,,
_saturn17white_,1970-01-01 00:27:38.640189318+00:00,,False,False,,â¤ï¸,ððªð§ðª,1970-01-01 00:00:01.658641464+00:00,,,,,543cd463990037e7a39ade8cab822e98,1970,1,1,3,0,1970.0,1.0,1.0,3.0,0.0,,,,,
_saturn17white_,1970-01-01 00:27:38.640181829+00:00,,False,False,,,,,,,,,fa303f48e0f71fc0ec3cbb19b8958f6e,1970,1,1,3,0,,,,,,,,,,
_saturn17white_,1970-01-01 00:27:38.589466024+00:00,,False,False,,,,,,,,,4864adf83629326bc5266ced74d2e66a,1970,1,1,3,0,,,,,,,,,,
ððªð§ðª,1970-01-01 00:27:38.589009397+00:00,,False,False,https://www.instagram.com/p/CgW3g3Lvb2G/?carousel_share_child_media_id=2888740361838902662_50333850172,â¤ï¸,_saturn17white_,1970-01-01 00:00:01.658589466+00:00,,puttipaul,,,42e36f8d7fd4c78dbd436db24ca425b6,1970,1,1,3,0,1970.0,1.0,1.0,3.0,0.0,,,,,
_saturn17white_,1970-01-01 00:27:38.569813073+00:00,,False,False,,â¤ï¸,ððªð§ðª,1970-01-01 00:00:01.658569822+00:00,,,,,326cdfe8bf842d321d05af7e6a102b56,1970,1,1,3,0,1970.0,1.0,1.0,3.0,0.0,,,,,
ððªð§ðª,1970-01-01 00:27:38.569740735+00:00,,False,False,,,,,,,,,310491b10b6ec03c7b5e988d248ace96,1970,1,1,3,0,,,,,,,,,,
_saturn17white_,1970-01-01 00:27:38.569702970+00:00,,False,False,,,,,,,,,35fbd59d2f1b5f8161430ebd897139c4,1970,1,1,3,0,,,,,,,,,,
_saturn17white_,1970-01-01 00:27:38.569676035+00:00,,False,False,,,,,,,,,a8489134f932a7b9461750910ac80a9b,1970,1,1,3,0,,,,,,,,,,
_saturn17white_,1970-01-01 00:27:38.569675073+00:00,,False,False,,â¤ï¸,ððªð§ðª,1970-01-01 00:00:01.658569694+00:00,,,,,d803398a9506921a287eda74ed494ff3,1970,1,1,3,0,1970.0,1.0,1.0,3.0,0.0,,,,,
_saturn17white_,1970-01-01 00:27:38.569667666+00:00,,False,False,,,,,,,,,275ff877c916c21c243f0118780f6773,1970,1,1,3,0,,,,,,,,,,
ððªð§ðª,1970-01-01 00:27:38.569652914+00:00,,False,False,,,,,,,,,02c5595ca0e371d6ab0e41082f76d503,1970,1,1,3,0,,,,,,,,,,
_saturn17white_,1970-01-01 00:27:38.497861990+00:00,,False,False,,,,,,,,,9f4c06b97cdcfa145c01171c6e1a6eba,1970,1,1,3,0,,,,,,,,,,
ððªð§ðª,1970-01-01 00:27:38.497732492+00:00,,False,False,,ð,_saturn17white_,1970-01-01 00:00:01.658497861+00:00,,,,,33bd1dee8787431ab4e3f6708f7f46ea,1970,1,1,3,0,1970.0,1.0,1.0,3.0,0.0,,,,,
_saturn17white_,1970-01-01 00:27:38.203350003+00:00,,False,False,,,,,,,,,dc58ab5f425ed605e81ec320fbd464cd,1970,1,1,3,0,,,,,,,,,,
ððªð§ðª,1970-01-01 00:27:38.203055533+00:00,,False,False,,,,,,,,,50863a0d384bceb58cfe50289a2d2453,1970,1,1,3,0,,,,,,,,,,
_saturn17white_,1970-01-01 00:27:38.203033195+00:00,,False,False,,,,,,,,,4f8f8bce88f4189729072617730c36d8,1970,1,1,3,0,,,,,,,,,,
_saturn17white_,1970-01-01 00:27:38.203027936+00:00,,False,False,,,,,,,,,9e6f9d905abe6e7023938a7bd486feb4,1970,1,1,3,0,,,,,,,,,,
ððªð§ðª,1970-01-01 00:27:38.203019317+00:00,,False,False,,ð,_saturn17white_,1970-01-01 00:00:01.658203027+00:00,,,,,169ca6ef80439a8ac45c12179764e02c,1970,1,1,3,0,1970.0,1.0,1.0,3.0,0.0,,,,,
_saturn17white_,1970-01-01 00:27:38.202964211+00:00,,False,False,,,,,,,,,cf0b6d8899e2a6aba94fb424c78bef3f,1970,1,1,3,0,,,,,,,,,,
_saturn17white_,1970-01-01 00:27:38.202949777+00:00,,False,False,,,,,,,,,49c5376b0390d0ddb7f961b67c16bd67,1970,1,1,3,0,,,,,,,,,,
ððªð§ðª,1970-01-01 00:27:38.202937583+00:00,,False,False,,,,,,,,,fe99f2b748a5f38e48c0319b5975d192,1970,1,1,3,0,,,,,,,,,,
ððªð§ðª,1970-01-01 00:27:38.202935797+00:00,,False,False,,,,,,,,,adfac2c846ae2775562c76065526e848,1970,1,1,3,0,,,,,,,,,,
ððªð§ðª,1970-01-01 00:27:38.202915797+00:00,,False,False,,,,,,,,,81aa46132d16c48ebfbd5126a5445f08,1970,1,1,3,0,,,,,,,,,,
_saturn17white_,1970-01-01 00:27:38.202857336+00:00,,False,False,,,,,,,,,3dc60fe1c734ef1f992bd6acbbcec37d,1970,1,1,3,0,,,,,,,,,,
ððªð§ðª,1970-01-01 00:27:38.201139538+00:00,,False,False,,,,,,,,,def225fe23a12da4d3714d196965e922,1970,1,1,3,0,,,,,,,,,,
ððªð§ðª,1970-01-01 00:27:38.201045771+00:00,,False,False,,,,,,,,,c322bb7007f153a5413f6a32e8a63a42,1970,1,1,3,0,,,,,,,,,,
_saturn17white_,1970-01-01 00:27:38.200561763+00:00,,False,False,,,,,,,,,28971aa381f4d8e7b16113a31b093184,1970,1,1,3,0,,,,,,,,,,
ððªð§ðª,1970-01-01 00:27:38.197414084+00:00,,False,False,,,,,,,,,26f8e3445c660c374110f37a5bac8d80,1970,1,1,3,0,,,,,,,,,,
_saturn17white_,1970-01-01 00:27:38.163064287+00:00,,False,False,,,,,,,,,23d0e3df8e6029b65393adec8a076593,1970,1,1,3,0,,,,,,,,,,
ððªð§ðª,1970-01-01 00:27:38.153317856+00:00,,False,False,,,,,,,,,99884d64364c6751ce56868fa946ac6b,1970,1,1,3,0,,,,,,,,,,
_saturn17white_,1970-01-01 00:27:38.064298950+00:00,,False,False,,,,,,,,,91d4db35cbc8f30d8aa766e8838b7bfb,1970,1,1,3,0,,,,,,,,,,
ððªð§ðª,1970-01-01 00:27:38.064293263+00:00,,False,False,,,,,,,,,b7702ddbe1e8a89bdb158960bb5a0718,1970,1,1,3,0,,,,,,,,,,
ððªð§ðª,1970-01-01 00:27:38.064289758+00:00,,False,False,,,,,,,,,b60bc000707a4be4d45d406e3d9f08df,1970,1,1,3,0,,,,,,,,,,
_saturn17white_,1970-01-01 00:27:38.064252352+00:00,,False,False,,,,,,,,,8aa6cb21729fbcc9c5a79fbd809b0e02,1970,1,1,3,0,,,,,,,,,,
_saturn17white_,1970-01-01 00:27:38.064227086+00:00,,False,False,,,,,,,,,c0cf627c14ece387aebd27790709dd07,1970,1,1,3,0,,,,,,,,,,
ððªð§ðª,1970-01-01 00:27:38.064211522+00:00,,False,False,,,,,,,,,e8685050130011e6013d9117706dd832,1970,1,1,3,0,,,,,,,,,,
_saturn17white_,1970-01-01 00:27:38.064190622+00:00,,False,False,,,,,,,,,90cc38007f4ce9e9a915987c3909d378,1970,1,1,3,0,,,,,,,,,,
_saturn17white_,1970-01-01 00:27:38.064181849+00:00,,False,False,,,,,,,,,744ff839cb76875fff0efd5ee085a7c9,1970,1,1,3,0,,,,,,,,,,
ððªð§ðª,1970-01-01 00:27:38.064171390+00:00,,False,False,,,,,,,,,b6e3c4fe7c49b0c866ffd736a9e1b8ca,1970,1,1,3,0,,,,,,,,,,
_saturn17white_,1970-01-01 00:27:38.064158238+00:00,,False,False,,,,,,,,,92ffdc18d97447e7ee4726160a7665fb,1970,1,1,3,0,,,,,,,,,,
_saturn17white_,1970-01-01 00:27:38.064155301+00:00,,False,False,,,,,,,,,fc42ec7ab920c01e331f2c8996f2a984,1970,1,1,3,0,,,,,,,,,,
_saturn17white_,1970-01-01 00:27:38.064131653+00:00,,False,False,,,,,,,,,1f7822ddfd053cd0228d9cd48e663b1d,1970,1,1,3,0,,,,,,,,,,
ððªð§ðª,1970-01-01 00:27:38.064111376+00:00,,False,False,,,,,,,,,5cda63eb03c436b5d4d1603aeeb4c546,1970,1,1,3,0,,,,,,,,,,
_saturn17white_,1970-01-01 00:27:38.064095856+00:00,,False,False,,,,,,,,,73aaabda5b2dcdcb132edcd839ada3ab,1970,1,1,3,0,,,,,,,,,,
ððªð§ðª,1970-01-01 00:27:38.064086711+00:00,,False,False,,,,,,,,,d07ffae7ff301231ebea9a79d2f371de,1970,1,1,3,0,,,,,,,,,,
_saturn17white_,1970-01-01 00:27:38.064046639+00:00,,False,False,,,,,,,,,ac8f31646d4c65be280653b78da198b5,1970,1,1,3,0,,,,,,,,,,
_saturn17white_,1970-01-01 00:27:38.064043190+00:00,,False,False,,,,,,,,,428950f16729547cdad62c5d7fa14d8e,1970,1,1,3,0,,,,,,,,,,
_saturn17white_,1970-01-01 00:27:38.064034064+00:00,,False,False,https://www.instagram.com/p/Cf6L3ZKPRCL/,,,,,localponnungada,,,0fe09f6b61669f92c25cd5c712802158,1970,1,1,3,0,,,,,,,,,,
ððªð§ðª,1970-01-01 00:27:38.064031045+00:00,,False,False,,,,,,,,,2eddd05624de7fcdc80694241b236a16,1970,1,1,3,0,,,,,,,,,,
_saturn17white_,1970-01-01 00:27:38.064014222+00:00,,False,False,,,,,,,,,e43a55e88f5bbe3847424245577749e3,1970,1,1,3,0,,,,,,,,,,
ððªð§ðª,1970-01-01 00:27:38.063982414+00:00,,False,False,,,,,,,,,e25ae396a786df5056d6d9e70f821f40,1970,1,1,3,0,,,,,,,,,,
_saturn17white_,1970-01-01 00:27:38.063461700+00:00,,False,False,,,,,,,,,93453c4b2180e7d788e4e085deebf0e2,1970,1,1,3,0,,,,,,,,,,
ððªð§ðª,1970-01-01 00:27:38.063149369+00:00,,False,False,https://www.instagram.com/p/CgHTX9rPA6u/?carousel_share_child_media_id=2884359296009375406_51368909213,â¤ï¸,_saturn17white_,1970-01-01 00:00:01.658063461+00:00,,peaceful_cutzz,,,58164a8fc28c9e0216944729b32df1a1,1970,1,1,3,0,1970.0,1.0,1.0,3.0,0.0,,,,,
_saturn17white_,1970-01-01 00:27:37.963575927+00:00,,False,False,,,,,,,,,16ec426fa0218b6ef16ba80647b459ce,1970,1,1,3,0,,,,,,,,,,
ððªð§ðª,1970-01-01 00:27:37.963503693+00:00,,False,False,,,,,,,,,9a92044f124a2090f243c89d7310e854,1970,1,1,3,0,,,,,,,,,,
_saturn17white_,1970-01-01 00:27:37.963311328+00:00,,False,False,,,,,,,,,4b021b98b58caea34c0cd64aec0570aa,1970,1,1,3,0,,,,,,,,,,
ððªð§ðª,1970-01-01 00:27:37.962276946+00:00,,False,False,,,,,,,,,9b2e0bf1e84c6d2256d60219f859fda5,1970,1,1,3,0,,,,,,,,,,
_saturn17white_,1970-01-01 00:27:37.962276718+00:00,,False,False,,â¤ï¸,ððªð§ðª,1970-01-01 00:00:01.657962305+00:00,,,,,fd5953dc1319fc01eb5a738ece3313fe,1970,1,1,3,0,1970.0,1.0,1.0,3.0,0.0,,,,,
_saturn17white_,1970-01-01 00:27:37.962260951+00:00,,False,False,,,,,,,,,ce6c78b139adf29698d80456e07220fc,1970,1,1,3,0,,,,,,,,,,
_saturn17white_,1970-01-01 00:27:37.962253414+00:00,,False,False,,,,,,,,,8949a89fbe7910c7682fd35611ef9b71,1970,1,1,3,0,,,,,,,,,,
ððªð§ðª,1970-01-01 00:27:37.962066893+00:00,,False,False,,,,,,,,,55063c89a07a07994ebe7484cfa7577c,1970,1,1,3,0,,,,,,,,,,
_saturn17white_,1970-01-01 00:27:37.962025886+00:00,,False,False,,,,,,,,,5e09bea84e57676f6e5fad120a174a6b,1970,1,1,3,0,,,,,,,,,,
ððªð§ðª,1970-01-01 00:27:37.962019775+00:00,,False,False,,,,,,,,,f0be3d89b300c9370dda90c5d09a4c94,1970,1,1,3,0,,,,,,,,,,
_saturn17white_,1970-01-01 00:27:37.961994725+00:00,,False,False,,,,,,,,,a0f2e1e5146a1f9e4adb08b745426a12,1970,1,1,3,0,,,,,,,,,,
_saturn17white_,1970-01-01 00:27:37.961991937+00:00,,False,False,,,,,,,,,ca4b8ca5b80155c3eb6b64ed337346b0,1970,1,1,3,0,,,,,,,,,,
ððªð§ðª,1970-01-01 00:27:37.961985827+00:00,,False,False,,,,,,,,,371da14106bb852bd9e8eeb4c3105437,1970,1,1,3,0,,,,,,,,,,
_saturn17white_,1970-01-01 00:27:37.961978212+00:00,,False,False,,,,,,,,,8c5f9c376eb3b9d93471b8e47f01ef32,1970,1,1,3,0,,,,,,,,,,
_saturn17white_,1970-01-01 00:27:37.961976414+00:00,,False,False,,,,,,,,,f96ca8b361d9bdafc4b8d031fb15d150,1970,1,1,3,0,,,,,,,,,,
ððªð§ðª,1970-01-01 00:27:37.961970440+00:00,,False,False,,,,,,,,,9522d3ac83fdb16535f9a1d8b44c252b,1970,1,1,3,0,,,,,,,,,,
ððªð§ðª,1970-01-01 00:27:37.961955437+00:00,,False,False,,,,,,,,,db17aea342212c4a1ffcab08daac3028,1970,1,1,3,0,,,,,,,,,,
_saturn17white_,1970-01-01 00:27:37.961942552+00:00,,False,False,,,,,,,,,b5eecc738f6c7bb262857741ffc6f0c9,1970,1,1,3,0,,,,,,,,,,
_saturn17white_,1970-01-01 00:27:37.961937337+00:00,,False,False,,,,,,,,,0ae52feb92a4784f6979abc58c1b7aa8,1970,1,1,3,0,,,,,,,,,,
ððªð§ðª,1970-01-01 00:27:37.961917751+00:00,,False,False,,,,,,,,,d2489a8dc8b93e764decc519446c76f0,1970,1,1,3,0,,,,,,,,,,
_saturn17white_,1970-01-01 00:27:37.961870217+00:00,,False,False,,,,,,,,,b14775fa7c37d100d22fe568dadfaa24,1970,1,1,3,0,,,,,,,,,,
_saturn17white_,1970-01-01 00:27:37.961866128+00:00,,False,False,,,,,,,,,b2d3a8a06ed2b682baaec1cf19814665,1970,1,1,3,0,,,,,,,,,,
ððªð§ðª,1970-01-01 00:27:37.961817708+00:00,,False,False,,,,,,,,,7d4477bb2264ece50a89ee807501e84f,1970,1,1,3,0,,,,,,,,,,
_saturn17white_,1970-01-01 00:27:37.961799732+00:00,,False,False,,,,,,,,,42a1c79de9ca1f6ca01ff9a09ad7ca0c,1970,1,1,3,0,,,,,,,,,,
ððªð§ðª,1970-01-01 00:27:37.961781599+00:00,,False,False,,,,,,,,,33580038875295aafa015f937000532d,1970,1,1,3,0,,,,,,,,,,
_saturn17white_,1970-01-01 00:27:37.961094194+00:00,,False,False,,,,,,,,,177b9e50a30dbc47392f434705b573b2,1970,1,1,3,0,,,,,,,,,,
ððªð§ðª,1970-01-01 00:27:37.956538962+00:00,,False,False,,ð,_saturn17white_,1970-01-01 00:00:01.657961094+00:00,,,,,cce9156a31d0f3f36994a8d345165ef0,1970,1,1,3,0,1970.0,1.0,1.0,3.0,0.0,,,,,
_saturn17white_,1970-01-01 00:27:37.809311563+00:00,,False,False,,,,,,,,,729811093149b3bd4c628fecda1ea585,1970,1,1,3,0,,,,,,,,,,
ððªð§ðª,1970-01-01 00:27:37.809070628+00:00,,False,False,,,,,,,,,4e8963437a47f23e3c3e7434dfe77c14,1970,1,1,3,0,,,,,,,,,,
_saturn17white_,1970-01-01 00:27:37.808847766+00:00,,False,False,,,,,,,,,339812545e16a89c61425aa032d16376,1970,1,1,3,0,,,,,,,,,,
ððªð§ðª,1970-01-01 00:27:37.804166934+00:00,,False,False,,,,,,,,,231d8d5905e5312260afe7db168fcfc4,1970,1,1,3,0,,,,,,,,,,
_saturn17white_,1970-01-01 00:27:37.802708083+00:00,,False,False,,,,,,,,,04c3e5281003380b79386d41657f3be3,1970,1,1,3,0,,,,,,,,,,
_saturn17white_,1970-01-01 00:27:37.802698714+00:00,,False,False,,,,,,,,,60b454d6aa6978ee17156c663b325092,1970,1,1,3,0,,,,,,,,,,
_saturn17white_,1970-01-01 00:27:37.802685407+00:00,,False,False,,,,,,,,,7c511d1c789db449cc85e65038e8d513,1970,1,1,3,0,,,,,,,,,,
ððªð§ðª,1970-01-01 00:27:37.802607935+00:00,,False,False,,,,,,,,,ab4d897f35694c2e8472d0cc4d7ae3e1,1970,1,1,3,0,,,,,,,,,,
ððªð§ðª,1970-01-01 00:27:37.802607507+00:00,,False,False,,,,,,,,,540aed0a8d02853c114274bd3f16f531,1970,1,1,3,0,,,,,,,,,,
_saturn17white_,1970-01-01 00:27:37.802467586+00:00,,False,False,,,,,,,,,9e3f0f2b489f3be21a8fb3a9918b318e,1970,1,1,3,0,,,,,,,,,,
ððªð§ðª,1970-01-01 00:27:37.802072778+00:00,,False,False,,,,,,,,,0aa9bc0025256ce9b03813b17efae513,1970,1,1,3,0,,,,,,,,,,
_saturn17white_,1970-01-01 00:27:37.801884656+00:00,,False,False,,,,,,,,,4b8151be660fa1709bf2a60281226a3e,1970,1,1,3,0,,,,,,,,,,
_saturn17white_,1970-01-01 00:27:37.801879292+00:00,,False,False,,,,,,,,,ef8cfd3a8e4d162326429c3d1945e66a,1970,1,1,3,0,,,,,,,,,,
ððªð§ðª,1970-01-01 00:27:37.801756654+00:00,,False,False,,,,,,,,,6b5feab56107e6cbf84b1b077a7b595f,1970,1,1,3,0,,,,,,,,,,
_saturn17white_,1970-01-01 00:27:37.800737869+00:00,,False,False,,,,,,,,,0762c49df52434cbb50c2bedbfbf78b6,1970,1,1,3,0,,,,,,,,,,
_saturn17white_,1970-01-01 00:27:37.800736680+00:00,,False,False,,,,,,,,,924be7e82214c34c1a32f0e93104a340,1970,1,1,3,0,,,,,,,,,,
ððªð§ðª,1970-01-01 00:27:37.796856947+00:00,,False,False,,,,,,,,,58b2944aca7cccde5a2e9034e8125e88,1970,1,1,3,0,,,,,,,,,,
_saturn17white_,1970-01-01 00:27:37.717221668+00:00,,False,False,,,,,,,,,3435bd7b304afc679f9955dbcebd0dda,1970,1,1,3,0,,,,,,,,,,
ððªð§ðª,1970-01-01 00:27:37.717156025+00:00,,False,False,,ð,_saturn17white_,1970-01-01 00:00:01.657717221+00:00,,,,,6c542ea0ef1e2e467c69b15b8a540fe9,1970,1,1,3,0,1970.0,1.0,1.0,3.0,0.0,,,,,
ððªð§ðª,1970-01-01 00:27:37.529736683+00:00,,False,False,,,,,,,,,1ee3155fb927233fa310c452b94a9c25,1970,1,1,3,0,,,,,,,,,,
_saturn17white_,1970-01-01 00:27:37.524966918+00:00,,False,False,,,,,,,,,b342cdb88a1c82509a86e459fc26f26e,1970,1,1,3,0,,,,,,,,,,
_saturn17white_,1970-01-01 00:27:37.524964438+00:00,,False,False,,,,,,,,,a9d13a9eade72b654b4b630570d27d3c,1970,1,1,3,0,,,,,,,,,,
ððªð§ðª,1970-01-01 00:27:37.517326793+00:00,,False,False,,,,,,,,,909ab1b57fcaa6f9e80c4d21b5903221,1970,1,1,3,0,,,,,,,,,,
_saturn17white_,1970-01-01 00:27:37.361020845+00:00,,False,False,,,,,,,,,9f8ab371f5e51d2d58ecc2df3433734a,1970,1,1,3,0,,,,,,,,,,
ððªð§ðª,1970-01-01 00:27:37.361003628+00:00,,False,False,,,,,,,,,824a5d17c22336aa6ca00a104adda767,1970,1,1,3,0,,,,,,,,,,
_saturn17white_,1970-01-01 00:27:37.360982806+00:00,,False,False,,,,,,,,,dae3f7c0421a3debde2e52d315122074,1970,1,1,3,0,,,,,,,,,,
_saturn17white_,1970-01-01 00:27:37.360977648+00:00,,False,False,,,,,,,,,02c0d7534c16790c5d70fd2b12d95848,1970,1,1,3,0,,,,,,,,,,
_saturn17white_,1970-01-01 00:27:37.360954594+00:00,,False,False,,,,,,,,,b26ac88fae474e2f271b724dfe21971f,1970,1,1,3,0,,,,,,,,,,
ððªð§ðª,1970-01-01 00:27:37.360914141+00:00,,False,False,,,,,,,,,c87dd2f30bc792844df55171dfe6abb6,1970,1,1,3,0,,,,,,,,,,
ððªð§ðª,1970-01-01 00:27:37.360880307+00:00,,False,False,,,,,,,,,5f7fcd86413fb492b17738967fe0fb29,1970,1,1,3,0,,,,,,,,,,
_saturn17white_,1970-01-01 00:27:37.360853766+00:00,,False,False,,,,,,,,,6b1a8c979792c7bd1c583cd6c2d7f043,1970,1,1,3,0,,,,,,,,,,
ððªð§ðª,1970-01-01 00:27:37.360771724+00:00,,False,False,,,,,,,,,3d35701c5c45513e8612810865682d8e,1970,1,1,3,0,,,,,,,,,,
ððªð§ðª,1970-01-01 00:27:37.360753442+00:00,,False,False,,,,,,,,,e759685f3a69dbbfeef35ec2030419d7,1970,1,1,3,0,,,,,,,,,,
ððªð§ðª,1970-01-01 00:27:37.360733040+00:00,,False,False,,,,,,,,,98f6aadf4025d712302791bfd0d0ea5d,1970,1,1,3,0,,,,,,,,,,
_saturn17white_,1970-01-01 00:27:37.360728338+00:00,,False,False,,,,,,,,,34664612e7162850e876b03579b71c85,1970,1,1,3,0,,,,,,,,,,
ððªð§ðª,1970-01-01 00:27:37.360720268+00:00,,False,False,,,,,,,,,a9a577ba269b09da2bf5b6dc54d4c208,1970,1,1,3,0,,,,,,,,,,
_saturn17white_,1970-01-01 00:27:37.360710508+00:00,,False,False,,,,,,,,,c97b9cb190f473a0e91b322f4cebd59d,1970,1,1,3,0,,,,,,,,,,
_saturn17white_,1970-01-01 00:27:37.360695824+00:00,,False,False,,,,,,,,,e624d55aafd863c6ecc5435fb6b08714,1970,1,1,3,0,,,,,,,,,,
ððªð§ðª,1970-01-01 00:27:37.360686264+00:00,,False,False,,,,,,,,,00ce7dab134da501506acba1ae41b2a6,1970,1,1,3,0,,,,,,,,,,
_saturn17white_,1970-01-01 00:27:37.360682935+00:00,,False,False,,,,,,,,,3007d8fa341eccbd0dc1e50601cefdd3,1970,1,1,3,0,,,,,,,,,,
ððªð§ðª,1970-01-01 00:27:37.360671761+00:00,,False,False,,ð,_saturn17white_,1970-01-01 00:00:01.657360682+00:00,,,,,441d765a686e7ee14cb44e8883a3025f,1970,1,1,3,0,1970.0,1.0,1.0,3.0,0.0,,,,,
ððªð§ðª,1970-01-01 00:27:37.360645187+00:00,,False,False,,,,,,,,,939094d06d5aab7021f625336a607479,1970,1,1,3,0,,,,,,,,,,
_saturn17white_,1970-01-01 00:27:37.360619116+00:00,,False,False,,,,,,,,,69a0b187533060cab41de1067b295048,1970,1,1,3,0,,,,,,,,,,
_saturn17white_,1970-01-01 00:27:37.360614733+00:00,,False,False,,,,,,,,,2231edcc9341c8a63b3c13bd29483e5b,1970,1,1,3,0,,,,,,,,,,
ððªð§ðª,1970-01-01 00:27:37.360607184+00:00,,False,False,,,,,,,,,52170b2ff66aa09fddabcc053f61c8dd,1970,1,1,3,0,,,,,,,,,,
ððªð§ðª,1970-01-01 00:27:37.360590782+00:00,,False,False,,,,,,,,,481e8a79ffab4590b70913737d517888,1970,1,1,3,0,,,,,,,,,,
ððªð§ðª,1970-01-01 00:27:37.360577634+00:00,,False,False,,,,,,,,,a8b6885f20efe5af5937a670c60a7466,1970,1,1,3,0,,,,,,,,,,
_saturn17white_,1970-01-01 00:27:37.360571642+00:00,,False,False,,,,,,,,,bb0341515e2f7a0e679e9885642329e0,1970,1,1,3,0,,,,,,,,,,
ððªð§ðª,1970-01-01 00:27:37.360562385+00:00,,False,False,,,,,,,,,2a3cc56d54e65682a051ccbe0940f5b7,1970,1,1,3,0,,,,,,,,,,
ððªð§ðª,1970-01-01 00:27:37.360559248+00:00,,False,False,,,,,,,,,875d38286afcf7842530d0f4eac01c8e,1970,1,1,3,0,,,,,,,,,,
_saturn17white_,1970-01-01 00:27:37.360552084+00:00,,False,False,,,,,,,,,e590c84bbff01f34fb9e5edcb1d58b67,1970,1,1,3,0,,,,,,,,,,
_saturn17white_,1970-01-01 00:27:37.360540910+00:00,,False,False,,,,,,,,,09bc2d284091504765ea587728bcad2a,1970,1,1,3,0,,,,,,,,,,
_saturn17white_,1970-01-01 00:27:37.360536248+00:00,,False,False,,,,,,,,,2e00f22935c9099209f4d43785f546e8,1970,1,1,3,0,,,,,,,,,,
_saturn17white_,1970-01-01 00:27:37.360532767+00:00,,False,False,,,,,,,,,f0cd961f872114760c1288cbd16cd5ca,1970,1,1,3,0,,,,,,,,,,
ððªð§ðª,1970-01-01 00:27:37.360531769+00:00,,False,False,,,,,,,,,c06ff9e41d19e863bfebac36cc002898,1970,1,1,3,0,,,,,,,,,,
_saturn17white_,1970-01-01 00:27:37.360530389+00:00,,False,False,,,,,,,,,0f1d28c93c47b2b69acd615893b5a685,1970,1,1,3,0,,,,,,,,,,
ððªð§ðª,1970-01-01 00:27:37.360518142+00:00,,False,False,,,,,,,,,09ad20688d11bbd635daac35b4572db1,1970,1,1,3,0,,,,,,,,,,
_saturn17white_,1970-01-01 00:27:37.360506839+00:00,,False,False,,,,,,,,,a1f13622ca88805e72ac8640f697b0ba,1970,1,1,3,0,,,,,,,,,,
_saturn17white_,1970-01-01 00:27:37.360504121+00:00,,False,False,,,,,,,,,62436dda94b17e1c7b42581583533014,1970,1,1,3,0,,,,,,,,,,
_saturn17white_,1970-01-01 00:27:37.360496910+00:00,,False,False,,,,,,,,,28fa4e8365ba743d8422aa83c133c7ad,1970,1,1,3,0,,,,,,,,,,
_saturn17white_,1970-01-01 00:27:37.360483247+00:00,,False,False,,,,,,,,,bc97ea2bef7a5ea6d5879ca2c4bc32a3,1970,1,1,3,0,,,,,,,,,,
ððªð§ðª,1970-01-01 00:27:37.360471628+00:00,,False,False,,,,,,,,,6e3bc83bc485a5837a8378cbb0847880,1970,1,1,3,0,,,,,,,,,,
_saturn17white_,1970-01-01 00:27:37.360457371+00:00,,False,False,,,,,,,,,0f1e2bdf0635a1cefc7e861f464b7eec,1970,1,1,3,0,,,,,,,,,,
ððªð§ðª,1970-01-01 00:27:37.360445404+00:00,,False,False,,,,,,,,,ab8c4b3d7f49fc94229d7eb245d0b2ba,1970,1,1,3,0,,,,,,,,,,
ððªð§ðª,1970-01-01 00:27:37.360428057+00:00,,False,False,,,,,,,,,baf3d29ceee57597714cea4e2cdc4414,1970,1,1,3,0,,,,,,,,,,
_saturn17white_,1970-01-01 00:27:37.360424313+00:00,,False,False,https://www.facebook.com/B.com,,,,,,,,96eed2a2755c0550750a772fdef0898d,1970,1,1,3,0,,,,,,,,,,
ððªð§ðª,1970-01-01 00:27:37.360415868+00:00,,False,False,,,,,,,,,71a19b6607104d092b3c0f6279655486,1970,1,1,3,0,,,,,,,,,,
_saturn17white_,1970-01-01 00:27:37.360404667+00:00,,False,False,,,,,,,,,1664fde928fb38fc3e23eb5160e962ed,1970,1,1,3,0,,,,,,,,,,
_saturn17white_,1970-01-01 00:27:37.360395063+00:00,,False,False,,,,,,,,,73ee26f23d76447bb8120c2121a967ff,1970,1,1,3,0,,,,,,,,,,
ððªð§ðª,1970-01-01 00:27:37.360393792+00:00,,False,False,,,,,,,,,e6496326b3e1d86f1b41cda8f1585fbb,1970,1,1,3,0,,,,,,,,,,
ððªð§ðª,1970-01-01 00:27:37.360389269+00:00,,False,False,,,,,,,,,99b26839237f68dab2da9b3163befa53,1970,1,1,3,0,,,,,,,,,,
ððªð§ðª,1970-01-01 00:27:37.360374183+00:00,,False,False,,,,,,,,,e7249e1d6c83e2659d1b823782e33853,1970,1,1,3,0,,,,,,,,,,
_saturn17white_,1970-01-01 00:27:37.360364762+00:00,,False,False,,,,,,,,,a5eab081c49ab7fd2428956c3442ac3f,1970,1,1,3,0,,,,,,,,,,
_saturn17white_,1970-01-01 00:27:37.360360970+00:00,,False,False,,,,,,,,,e238e4b8d94769885bb75a306817ceab,1970,1,1,3,0,,,,,,,,,,
_saturn17white_,1970-01-01 00:27:37.360300795+00:00,,False,False,,,,,,,,,90c772b72b23daf3d9ba30c96b7ee9af,1970,1,1,3,0,,,,,,,,,,
ððªð§ðª,1970-01-01 00:27:37.360297581+00:00,,False,False,,,,,,,,,292b315fe5b7856ef7caf012c073bf80,1970,1,1,3,0,,,,,,,,,,
_saturn17white_,1970-01-01 00:27:37.360292905+00:00,,False,False,,,,,,,,,c5cb68e6649a7506a0b1b32db0e25dcf,1970,1,1,3,0,,,,,,,,,,
_saturn17white_,1970-01-01 00:27:37.360284642+00:00,,False,False,,,,,,,,,8cf817f4d17fe1ad60924c770bd05a34,1970,1,1,3,0,,,,,,,,,,
ððªð§ðª,1970-01-01 00:27:37.360283287+00:00,,False,False,,,,,,,,,9b9fb0ceb58ef38bec0540f588368acb,1970,1,1,3,0,,,,,,,,,,
_saturn17white_,1970-01-01 00:27:37.360274743+00:00,,False,False,,,,,,,,,d5508f4b5d9bb123df39f5b3a1f86d2f,1970,1,1,3,0,,,,,,,,,,
ððªð§ðª,1970-01-01 00:27:37.360274409+00:00,,False,False,,,,,,,,,c56957022b418882b3c07dfaa2e0a9d0,1970,1,1,3,0,,,,,,,,,,
_saturn17white_,1970-01-01 00:27:37.360273168+00:00,,False,False,,,,,,,,,3d12b5c0f7667e673544336227cb29c7,1970,1,1,3,0,,,,,,,,,,
ððªð§ðª,1970-01-01 00:27:37.360264066+00:00,,False,False,,,,,,,,,f5b3378ad881b05c6c8fa9f2c0e2ff33,1970,1,1,3,0,,,,,,,,,,
_saturn17white_,1970-01-01 00:27:37.360246209+00:00,,False,False,,,,,,,,,2cd98d92532d765a21431e7de1ab15c5,1970,1,1,3,0,,,,,,,,,,
ððªð§ðª,1970-01-01 00:27:37.360237703+00:00,,False,False,,,,,,,,,64d37ab0726f4649abaf4a0d16c34b08,1970,1,1,3,0,,,,,,,,,,
ððªð§ðª,1970-01-01 00:27:37.360172339+00:00,,False,False,,,,,,,,,bc977c350e332f83718d42d718aa7598,1970,1,1,3,0,,,,,,,,,,
_saturn17white_,1970-01-01 00:27:37.360096581+00:00,,False,False,,,,,,,,,4fb04a2962c79eefcccfed4cbf544f23,1970,1,1,3,0,,,,,,,,,,
_saturn17white_,1970-01-01 00:27:37.359382437+00:00,,False,False,,,,,,,,,f80cabe8a5eacc2bb953d886c08e2eaf,1970,1,1,3,0,,,,,,,,,,
ððªð§ðª,1970-01-01 00:27:37.354868674+00:00,,False,False,,ð¤­,_saturn17white_,1970-01-01 00:00:01.657359382+00:00,,,,,f7b7635a5e5d883666fcb0f2835c5a08,1970,1,1,3,0,1970.0,1.0,1.0,3.0,0.0,,,,,
_saturn17white_,1970-01-01 00:27:37.284948431+00:00,,False,False,,,,,,,,,8a2ba02db61459d62706bfa7584461c3,1970,1,1,3,0,,,,,,,,,,
ððªð§ðª,1970-01-01 00:27:37.283955314+00:00,,False,False,,ð,_saturn17white_,1970-01-01 00:00:01.657284948+00:00,,,,,6f15e73fb610c2a36dd6a6423fb422e6,1970,1,1,3,0,1970.0,1.0,1.0,3.0,0.0,,,,,
_saturn17white_,1970-01-01 00:27:37.201687328+00:00,,False,False,,,,,,,,,0473d8c4b522f0543e964fdc66bfebd7,1970,1,1,3,0,,,,,,,,,,
ððªð§ðª,1970-01-01 00:27:37.201687102+00:00,,False,False,,,,,,,,,b4b71aa97e5721e7756760fabc1a593d,1970,1,1,3,0,,,,,,,,,,
ððªð§ðª,1970-01-01 00:27:37.201674092+00:00,,False,False,,,,,,,,,ae8ec169e6915feef9f0a722821e6e5a,1970,1,1,3,0,,,,,,,,,,
_saturn17white_,1970-01-01 00:27:37.201667818+00:00,,False,False,,,,,,,,,d6174f21398ec68258bd7cf9a7778197,1970,1,1,3,0,,,,,,,,,,
ððªð§ðª,1970-01-01 00:27:37.201647355+00:00,,False,False,,,,,,,,,cee58778278ff072ad0731b6d785ac1d,1970,1,1,3,0,,,,,,,,,,
_saturn17white_,1970-01-01 00:27:37.201635234+00:00,,False,False,,,,,,,,,013fa98c1120d647134032b664e50025,1970,1,1,3,0,,,,,,,,,,
ððªð§ðª,1970-01-01 00:27:37.201630430+00:00,,False,False,,,,,,,,,09429d1a59bd5f85f40fd5f2b099ebd1,1970,1,1,3,0,,,,,,,,,,
ððªð§ðª,1970-01-01 00:27:37.201616129+00:00,,False,False,,,,,,,,,d1ce415717163ff1a918a03d4feb697f,1970,1,1,3,0,,,,,,,,,,
_saturn17white_,1970-01-01 00:27:37.201575196+00:00,,False,False,,,,,,,,,f0aac6d1eb2e5009506f68a2c26336bf,1970,1,1,3,0,,,,,,,,,,
ððªð§ðª,1970-01-01 00:27:37.201555654+00:00,,False,False,,,,,,,,,4901763a9af7e4cbb601c7ba00bdca68,1970,1,1,3,0,,,,,,,,,,
_saturn17white_,1970-01-01 00:27:37.201539890+00:00,,False,False,,,,,,,,,fa22126bc3f3264b4e2cf998ea88d93e,1970,1,1,3,0,,,,,,,,,,
ððªð§ðª,1970-01-01 00:27:37.201515931+00:00,,False,False,,,,,,,,,2d3168be345ff6798ba19f5fce78abc4,1970,1,1,3,0,,,,,,,,,,
ððªð§ðª,1970-01-01 00:27:37.201488353+00:00,,False,False,,,,,,,,,6de69fc549f43670a1082b996f92c12c,1970,1,1,3,0,,,,,,,,,,
_saturn17white_,1970-01-01 00:27:37.201470321+00:00,,False,False,,,,,,,,,18f585bb6376c353c80610b1090e93c2,1970,1,1,3,0,,,,,,,,,,
_saturn17white_,1970-01-01 00:27:37.201466192+00:00,,False,False,,,,,,,,,cccaf4129ce35494e067256358e6e606,1970,1,1,3,0,,,,,,,,,,
ððªð§ðª,1970-01-01 00:27:37.201426395+00:00,,False,False,,,,,,,,,f87cf38a298e2b10c385db04366346b0,1970,1,1,3,0,,,,,,,,,,
_saturn17white_,1970-01-01 00:27:37.201385482+00:00,,False,False,,,,,,,,,4b7be2dc5196ba15a0fdd422978a56bc,1970,1,1,3,0,,,,,,,,,,
_saturn17white_,1970-01-01 00:27:37.201348674+00:00,,False,False,,,,,,,,,788d443dd3f9be05af64c6d25901ebe8,1970,1,1,3,0,,,,,,,,,,
ððªð§ðª,1970-01-01 00:27:37.201232685+00:00,,False,False,,,,,,,,,68c5ca6c025e0454bb53aee0bee91435,1970,1,1,3,0,,,,,,,,,,
ððªð§ðª,1970-01-01 00:27:37.201224198+00:00,,False,False,,,,,,,,,8fd9ef1a4888bad5a98d4a9bdc83223e,1970,1,1,3,0,,,,,,,,,,
ððªð§ðª,1970-01-01 00:27:37.201211539+00:00,,False,False,,,,,,,,,dc5e7f3ecfafafffb3f5948cc7618a6b,1970,1,1,3,0,,,,,,,,,,
ððªð§ðª,1970-01-01 00:27:37.201196062+00:00,,False,False,,,,,,,,,7d8a5993a80d79a2ddf60142842a25d5,1970,1,1,3,0,,,,,,,,,,
_saturn17white_,1970-01-01 00:27:37.200811671+00:00,,False,False,,,,,,,,,7a71a33c52b4de703c475d5c343399bb,1970,1,1,3,0,,,,,,,,,,
ððªð§ðª,1970-01-01 00:27:37.200762791+00:00,,False,False,,,,,,,,,693e3b6b60e4aacbc19cb36bdefd3523,1970,1,1,3,0,,,,,,,,,,
_saturn17white_,1970-01-01 00:27:37.200754626+00:00,,False,False,,,,,,,,,e0b1b096af029b083564235bb5b450d9,1970,1,1,3,0,,,,,,,,,,
ððªð§ðª,1970-01-01 00:27:37.200745795+00:00,,False,False,,,,,,,,,4aaae673a802d5f7479c6ff2818d1caa,1970,1,1,3,0,,,,,,,,,,
_saturn17white_,1970-01-01 00:27:37.200739321+00:00,,False,False,,,,,,,,,04f559f743e13cbfc58d6c04475b3596,1970,1,1,3,0,,,,,,,,,,
ððªð§ðª,1970-01-01 00:27:37.200719695+00:00,,False,False,,,,,,,,,b03ee421a0758ddf9601bac651f273e0,1970,1,1,3,0,,,,,,,,,,
_saturn17white_,1970-01-01 00:27:37.200661729+00:00,,False,False,,â¤ï¸,ððªð§ðª,1970-01-01 00:00:01.657200664+00:00,,,,,42c343b4c32c9d4c1fdd5d870ea0c929,1970,1,1,3,0,1970.0,1.0,1.0,3.0,0.0,,,,,
ððªð§ðª,1970-01-01 00:27:37.200648276+00:00,,False,False,,,,,,,,,2b6723467d97d68b4af2da6c7a94a6d5,1970,1,1,3,0,,,,,,,,,,
_saturn17white_,1970-01-01 00:27:37.200597039+00:00,,False,False,,,,,,,,,bb331be5c5930b035b261cbb0f569f1b,1970,1,1,3,0,,,,,,,,,,
_saturn17white_,1970-01-01 00:27:37.200574655+00:00,,False,False,,,,,,,,,72c61d20237653f0f745a2fc80033050,1970,1,1,3,0,,,,,,,,,,
ððªð§ðª,1970-01-01 00:27:37.200562833+00:00,,False,False,,,,,,,,,63abeb61a61eb103ab95254abcd0b551,1970,1,1,3,0,,,,,,,,,,
_saturn17white_,1970-01-01 00:27:37.200504725+00:00,,False,False,,,,,,,your_instagram_activity/messages/inbox/_saturn17white__798228418255038/photos/292100521_373363924715533_7934162987619243638_n_567273561521085.jpg,1970-01-01 00:00:01.657200505+00:00,c1ab448c38e7a3b877c4fd7abe278554,1970,1,1,3,0,,,,,,1970.0,1.0,1.0,3.0,0.0
_saturn17white_,1970-01-01 00:27:37.200175147+00:00,,False,False,,,,,,,,,e031962d4c27bae9cf3f8764ee8cb76d,1970,1,1,3,0,,,,,,,,,,
ððªð§ðª,1970-01-01 00:27:37.200162577+00:00,,False,False,,,,,,,,,05a5c40f262d2db5afcd3b021a1e853e,1970,1,1,3,0,,,,,,,,,,
_saturn17white_,1970-01-01 00:27:37.200156104+00:00,,False,False,,,,,,,,,0f410e90e731c8106acbf2414d9c797c,1970,1,1,3,0,,,,,,,,,,
ððªð§ðª,1970-01-01 00:27:37.200136583+00:00,,False,False,,,,,,,,,1c074ecf4e1e87ce0147ae719428d4e7,1970,1,1,3,0,,,,,,,,,,
_saturn17white_,1970-01-01 00:27:37.200122133+00:00,,False,False,,,,,,,,,18aaba0bb1e2a9884dc10c4e4aefcba7,1970,1,1,3,0,,,,,,,,,,
ððªð§ðª,1970-01-01 00:27:37.200112946+00:00,,False,False,,,,,,,,,8b23084d04f8e92f61db5dc1dc9a3db3,1970,1,1,3,0,,,,,,,,,,
_saturn17white_,1970-01-01 00:27:37.200089712+00:00,,False,False,,,,,,,,,c9a4d4513b8409c5f642c1c7ae975196,1970,1,1,3,0,,,,,,,,,,
ððªð§ðª,1970-01-01 00:27:37.200084292+00:00,,False,False,,,,,,,,,85b95458c4a3e8f5f76823015f1ab1fb,1970,1,1,3,0,,,,,,,,,,
ððªð§ðª,1970-01-01 00:27:37.200079449+00:00,,False,False,,,,,,,,,da9c7d814a0fbc7a23da7a129a46ff73,1970,1,1,3,0,,,,,,,,,,
ððªð§ðª,1970-01-01 00:27:37.200067433+00:00,,False,False,,,,,,,,,79224822e6eb7fb4b9e2e5169e6657a2,1970,1,1,3,0,,,,,,,,,,
ððªð§ðª,1970-01-01 00:27:37.200063698+00:00,,False,False,,,,,,,,,0c73eb3ce6a3cbb1b71243878e78d218,1970,1,1,3,0,,,,,,,,,,
_saturn17white_,1970-01-01 00:27:37.200046025+00:00,,False,False,,,,,,,,,4d3c06af14ae9b936565a10c301731ad,1970,1,1,3,0,,,,,,,,,,
ððªð§ðª,1970-01-01 00:27:37.200036736+00:00,,False,False,,,,,,,,,2fb3d7c3db23f7ded1fab9e940506831,1970,1,1,3,0,,,,,,,,,,
_saturn17white_,1970-01-01 00:27:37.200021781+00:00,,False,False,,,,,,,,,bd1918f97cb89d5478847b15348d5b6c,1970,1,1,3,0,,,,,,,,,,
ððªð§ðª,1970-01-01 00:27:37.200003866+00:00,,False,False,,,,,,,,,0b87167aa73118dd39af0811dfbc3ea8,1970,1,1,3,0,,,,,,,,,,
ððªð§ðª,1970-01-01 00:27:37.199994182+00:00,,False,False,,,,,,,,,ab3b5c2cf5e328d259fd2f99e844aa57,1970,1,1,3,0,,,,,,,,,,
_saturn17white_,1970-01-01 00:27:37.199969837+00:00,,False,False,,,,,,,,,596f78a2c1f71ed35d480f9a66661dbd,1970,1,1,3,0,,,,,,,,,,
_saturn17white_,1970-01-01 00:27:37.199954478+00:00,,False,False,,,,,,,,,d3dda1eb66b39ba7e0abcf4b77ac5e8d,1970,1,1,3,0,,,,,,,,,,
_saturn17white_,1970-01-01 00:27:37.199943540+00:00,,False,False,,,,,,,,,ad0c5e9409191ec5e69b95a48723f834,1970,1,1,3,0,,,,,,,,,,
ððªð§ðª,1970-01-01 00:27:37.199936862+00:00,,False,False,,,,,,,,,b94b8687f06d6e6138dfa7f967bd1af6,1970,1,1,3,0,,,,,,,,,,
ððªð§ðª,1970-01-01 00:27:37.199930193+00:00,,False,False,,,,,,,,,fdcea8de4fde14ffd56203bebecefb62,1970,1,1,3,0,,,,,,,,,,
_saturn17white_,1970-01-01 00:27:37.199928174+00:00,,False,False,,,,,,,,,f1fe48d4a637f9c544dc9a3865688d38,1970,1,1,3,0,,,,,,,,,,
ððªð§ðª,1970-01-01 00:27:37.199916736+00:00,,False,False,,,,,,,,,ebcbf51c4b473d159e19644dab67e561,1970,1,1,3,0,,,,,,,,,,
_saturn17white_,1970-01-01 00:27:37.199865432+00:00,,False,False,,,,,,,,,cbbfade0a1e3d21cbb9a8d20573ff725,1970,1,1,3,0,,,,,,,,,,
_saturn17white_,1970-01-01 00:27:37.199860036+00:00,,False,False,,,,,,,,,2beb1d5469ba5381b474c7153464a1b6,1970,1,1,3,0,,,,,,,,,,
_saturn17white_,1970-01-01 00:27:37.199854187+00:00,,False,False,,,,,,,,,cac2dbb83b1af9b45bb6535538347e55,1970,1,1,3,0,,,,,,,,,,
ððªð§ðª,1970-01-01 00:27:37.199846256+00:00,,False,False,,,,,,,,,07da3f366551a27a03fca025b587bc7a,1970,1,1,3,0,,,,,,,,,,
ððªð§ðª,1970-01-01 00:27:37.199831347+00:00,,False,False,,,,,,,,,ffac46ac287f457bdd9fac96f328e8a5,1970,1,1,3,0,,,,,,,,,,
_saturn17white_,1970-01-01 00:27:37.199817180+00:00,,False,False,,,,,,,,,8869d6c8c62e7bc30a366bfd4730a096,1970,1,1,3,0,,,,,,,,,,
_saturn17white_,1970-01-01 00:27:37.199800462+00:00,,False,False,,,,,,,,,556a7438002b5f7ea27a162f1db72592,1970,1,1,3,0,,,,,,,,,,
ððªð§ðª,1970-01-01 00:27:37.199796464+00:00,,False,False,,,,,,,,,d730269226d65356c853709c13d82ff3,1970,1,1,3,0,,,,,,,,,,
ððªð§ðª,1970-01-01 00:27:37.199793768+00:00,,False,False,,,,,,,,,ebc8b270fe9c1c22d012fb6da341187f,1970,1,1,3,0,,,,,,,,,,
_saturn17white_,1970-01-01 00:27:37.199789713+00:00,,False,False,,,,,,,,,f4568228e6d8c1fbfae11af0141fe316,1970,1,1,3,0,,,,,,,,,,
_saturn17white_,1970-01-01 00:27:37.199767107+00:00,,False,False,,,,,,,,,8d37dae84df355b4a658e0896ace221a,1970,1,1,3,0,,,,,,,,,,
_saturn17white_,1970-01-01 00:27:37.199751167+00:00,,False,False,,,,,,,,,082afaa5f51b81ad62041d2e86b6f931,1970,1,1,3,0,,,,,,,,,,
_saturn17white_,1970-01-01 00:27:37.199742600+00:00,,False,False,,,,,,,,,e2388c6b16b90f7dc5f04e5f9f5d913c,1970,1,1,3,0,,,,,,,,,,
ððªð§ðª,1970-01-01 00:27:37.199722355+00:00,,False,False,,,,,,,,,1726dae91e3bd0166088a45ab3a90144,1970,1,1,3,0,,,,,,,,,,
_saturn17white_,1970-01-01 00:27:37.199717641+00:00,,False,False,,,,,,,,,ceed5daa91b1423a1b94a9fa6251083e,1970,1,1,3,0,,,,,,,,,,
_saturn17white_,1970-01-01 00:27:37.199714639+00:00,,False,False,,,,,,,,,7682cf9ca231d0f9fdea434b6bcbfc55,1970,1,1,3,0,,,,,,,,,,
ððªð§ðª,1970-01-01 00:27:37.199714211+00:00,,False,False,,,,,,,,,7f1133a60c39712b3c13106caf9e2351,1970,1,1,3,0,,,,,,,,,,
ððªð§ðª,1970-01-01 00:27:37.199688936+00:00,,False,False,,,,,,,,,0edb26ee8ef39be9c7c56ace5e02a504,1970,1,1,3,0,,,,,,,,,,
ððªð§ðª,1970-01-01 00:27:37.199678823+00:00,,False,False,,,,,,,,,fbd30d4fb8f3d2343568ec9e8488c5c9,1970,1,1,3,0,,,,,,,,,,
ððªð§ðª,1970-01-01 00:27:37.199674775+00:00,,False,False,,,,,,,,,4d1956269aa54beb1b9c830993698c34,1970,1,1,3,0,,,,,,,,,,
ððªð§ðª,1970-01-01 00:27:37.199670299+00:00,,False,False,,,,,,,,,fe012c16f7eda311ad8e388c87ccb7f1,1970,1,1,3,0,,,,,,,,,,
ððªð§ðª,1970-01-01 00:27:37.199667284+00:00,,False,False,,,,,,,,,e9cff82cd9cb80797b0901cc4ed68d2b,1970,1,1,3,0,,,,,,,,,,
ððªð§ðª,1970-01-01 00:27:37.199664124+00:00,,False,False,,,,,,,,,2df4e79246780dac292184d77158e2e5,1970,1,1,3,0,,,,,,,,,,
ððªð§ðª,1970-01-01 00:27:37.199644984+00:00,,False,False,,,,,,,,,356e82e2557c999d7635578f3555891e,1970,1,1,3,0,,,,,,,,,,
_saturn17white_,1970-01-01 00:27:37.199639945+00:00,,False,False,,,,,,,,,5216a7782c696941ef1b9559269d3351,1970,1,1,3,0,,,,,,,,,,
ððªð§ðª,1970-01-01 00:27:37.199637829+00:00,,False,False,,,,,,,,,7225e2dfaf3ca67004aa83f31af07436,1970,1,1,3,0,,,,,,,,,,
_saturn17white_,1970-01-01 00:27:37.199627735+00:00,,False,False,,,,,,,,,ddbea68eb55bf0c7e90282649a1031f3,1970,1,1,3,0,,,,,,,,,,
ððªð§ðª,1970-01-01 00:27:37.199613500+00:00,,False,False,,,,,,,,,6de5e621ca6380ee2e620778e00e7839,1970,1,1,3,0,,,,,,,,,,
_saturn17white_,1970-01-01 00:27:37.199565779+00:00,,False,False,,,,,,,,,99ad929f99eedc083bf8878ba9066a4a,1970,1,1,3,0,,,,,,,,,,
ððªð§ðª,1970-01-01 00:27:37.199545020+00:00,,False,False,,,,,,,,,272ba31c5ce2a2d03e52ea21b2e220e1,1970,1,1,3,0,,,,,,,,,,
_saturn17white_,1970-01-01 00:27:37.198760351+00:00,,False,False,,,,,,,,,40a6ee8b28c0498409019d93a0ca5159,1970,1,1,3,0,,,,,,,,,,
ððªð§ðª,1970-01-01 00:27:37.198360352+00:00,,False,False,,,,,,,,,9f2642e4f50bc2848ecd1bbe8ab5e317,1970,1,1,3,0,,,,,,,,,,
_saturn17white_,1970-01-01 00:27:37.197757121+00:00,,False,False,,,,,,,,,503ed5e459c02fff239528175e2fb8fb,1970,1,1,3,0,,,,,,,,,,
_saturn17white_,1970-01-01 00:27:37.197745498+00:00,,False,False,,,,,,,,,56f93f0a220c1f161b14643962fc3276,1970,1,1,3,0,,,,,,,,,,
_saturn17white_,1970-01-01 00:27:37.189369802+00:00,,False,False,,,,,,,,,1d72e1d8d62f9d87cc03ce96391d2657,1970,1,1,3,0,,,,,,,,,,
ððªð§ðª,1970-01-01 00:27:37.188641129+00:00,,False,False,,ð,_saturn17white_,1970-01-01 00:00:01.657189369+00:00,,,,,a3a21cf935cabb77837cceca036b36a1,1970,1,1,3,0,1970.0,1.0,1.0,3.0,0.0,,,,,
_saturn17white_,1970-01-01 00:27:37.188513541+00:00,,False,False,,,,,,,,,517572001bf3a3d1bc6f8cc95ab1eaa3,1970,1,1,3,0,,,,,,,,,,
_saturn17white_,1970-01-01 00:27:37.188511178+00:00,,False,False,,,,,,,,,23f70a1e5d1745bc1498b46bcf9a5957,1970,1,1,3,0,,,,,,,,,,
_saturn17white_,1970-01-01 00:27:37.188509715+00:00,,False,False,,,,,,,,,42d885294412de9c9ac84c3a44f8cd54,1970,1,1,3,0,,,,,,,,,,
_saturn17white_,1970-01-01 00:27:37.185305758+00:00,,False,False,,,,,,,,,8fb15167f4c046f9027e1944eea6e06e,1970,1,1,3,0,,,,,,,,,,
ððªð§ðª,1970-01-01 00:27:37.182315826+00:00,,False,False,,,,,,,,,c0be7c048b3eff0c633ccd8b93054bd8,1970,1,1,3,0,,,,,,,,,,
ððªð§ðª,1970-01-01 00:27:37.182301522+00:00,,False,False,,,,,,,,,d23db6289ba45283292c035de110836b,1970,1,1,3,0,,,,,,,,,,
ððªð§ðª,1970-01-01 00:27:37.182297916+00:00,,False,False,,,,,,,,,c3526b7fc6c76e0e4cdc04d4eb802073,1970,1,1,3,0,,,,,,,,,,
ððªð§ðª,1970-01-01 00:27:37.179858974+00:00,,False,False,,,,,,,,,d1780a9ac97f408282c323cd9f313739,1970,1,1,3,0,,,,,,,,,,
ððªð§ðª,1970-01-01 00:27:37.179844686+00:00,,False,False,,ð,_saturn17white_,1970-01-01 00:00:01.657185305+00:00,,,your_instagram_activity/messages/inbox/_saturn17white__798228418255038/photos/292266146_791586842083823_2384421484250299836_n_1926346700894669.jpg,1970-01-01 00:00:01.657179846+00:00,fb4bee6e9911a5a61351a8f4d353f308,1970,1,1,3,0,1970.0,1.0,1.0,3.0,0.0,1970.0,1.0,1.0,3.0,0.0
_saturn17white_,1970-01-01 00:27:37.172794751+00:00,,False,False,,,,,,,,,96fb81568bb820319d1c95aa4be8c61a,1970,1,1,3,0,,,,,,,,,,
ððªð§ðª,1970-01-01 00:27:37.172045240+00:00,,False,False,,ð,_saturn17white_,1970-01-01 00:00:01.657172794+00:00,,,,,dcf7884f7d241ad63a029305811845fe,1970,1,1,3,0,1970.0,1.0,1.0,3.0,0.0,,,,,
_saturn17white_,1970-01-01 00:27:37.117876736+00:00,,False,False,,,,,,,,,10241eeba81ddd14cfca4b4a4504c377,1970,1,1,3,0,,,,,,,,,,
_saturn17white_,1970-01-01 00:27:37.117875286+00:00,,False,False,,,,,,,,,45a9e2efc4b095ed75e3f893705dbff1,1970,1,1,3,0,,,,,,,,,,
ððªð§ðª,1970-01-01 00:27:37.115886300+00:00,,False,False,,,,,,,,,ecb794653fe38beb1be3f0a2c858cf0f,1970,1,1,3,0,,,,,,,,,,
ððªð§ðª,1970-01-01 00:27:37.115856718+00:00,,False,False,,,,,,,,,4ba170b8aad4b53c8867e78dffbaa192,1970,1,1,3,0,,,,,,,,,,
_saturn17white_,1970-01-01 00:27:37.115442496+00:00,,False,False,,,,,,,,,d7d07ee7704fb7509f734512c9903b85,1970,1,1,3,0,,,,,,,,,,
ððªð§ðª,1970-01-01 00:27:37.115433820+00:00,,False,False,,,,,,,,,a2b217bcc4aa0014ffe6e67412b03bd6,1970,1,1,3,0,,,,,,,,,,
_saturn17white_,1970-01-01 00:27:37.115422604+00:00,,False,False,,,,,,,,,3897a4367414a8235801953a3b94f5d4,1970,1,1,3,0,,,,,,,,,,
ððªð§ðª,1970-01-01 00:27:37.115416339+00:00,,False,False,,,,,,,,,11c969e5ac0345d9f9a6a938514b5b28,1970,1,1,3,0,,,,,,,,,,
_saturn17white_,1970-01-01 00:27:37.115403751+00:00,,False,False,,,,,,,,,f038c33f6cc69fa55e7127c3cd3b52c4,1970,1,1,3,0,,,,,,,,,,
_saturn17white_,1970-01-01 00:27:37.115398523+00:00,,False,False,,,,,,,,,23198b792ad6d287e5d8afdacc8c4da0,1970,1,1,3,0,,,,,,,,,,
ððªð§ðª,1970-01-01 00:27:37.115371316+00:00,,False,False,,,,,,,,,7a736f318e7a9beae940c58bf261199c,1970,1,1,3,0,,,,,,,,,,
_saturn17white_,1970-01-01 00:27:37.115351946+00:00,,False,False,,,,,,,,,8f032b2a2754496b22bc4ae56a073fc4,1970,1,1,3,0,,,,,,,,,,
_saturn17white_,1970-01-01 00:27:37.115349255+00:00,,False,False,,,,,,,,,261e465bd78bf29df27fc585b1ece13a,1970,1,1,3,0,,,,,,,,,,
ððªð§ðª,1970-01-01 00:27:37.115329750+00:00,,False,False,,,,,,,,,e18fdeb609e47a1f56f5d10a7a1f73c8,1970,1,1,3,0,,,,,,,,,,
ððªð§ðª,1970-01-01 00:27:37.115324113+00:00,,False,False,,,,,,,,,8727e0546b92a0b9250dbdbc6fce4bdb,1970,1,1,3,0,,,,,,,,,,
ððªð§ðª,1970-01-01 00:27:37.115314072+00:00,,False,False,,,,,,,,,3f90089eaf1b23c3bcf49039519bbc18,1970,1,1,3,0,,,,,,,,,,
_saturn17white_,1970-01-01 00:27:37.115293911+00:00,,False,False,,,,,,,,,37dce5e7df4a79e669a1d90c290cb555,1970,1,1,3,0,,,,,,,,,,
ððªð§ðª,1970-01-01 00:27:37.115175265+00:00,,False,False,,,,,,,,,8144f90f04f7259651f8698d81cbefbd,1970,1,1,3,0,,,,,,,,,,
_saturn17white_,1970-01-01 00:27:37.115168028+00:00,,False,False,,,,,,,,,936644e46683d471066c2d8f06157d05,1970,1,1,3,0,,,,,,,,,,
_saturn17white_,1970-01-01 00:27:37.115164438+00:00,,False,False,,,,,,,,,87cb936d7ac2f3ab72a048a2dbe76361,1970,1,1,3,0,,,,,,,,,,
ððªð§ðª,1970-01-01 00:27:37.115159741+00:00,,False,False,,,,,,,,,e3f6ee9ba1a3abe753aae5ce8fa59eb8,1970,1,1,3,0,,,,,,,,,,
ððªð§ðª,1970-01-01 00:27:37.115156474+00:00,,False,False,,,,,,,,,fedb2a23c1a6198c6b10562adc565ac3,1970,1,1,3,0,,,,,,,,,,
ððªð§ðª,1970-01-01 00:27:37.115140213+00:00,,False,False,,,,,,,,,d34aa692c0f1cbc4d090c35348c0db96,1970,1,1,3,0,,,,,,,,,,
ððªð§ðª,1970-01-01 00:27:37.115133264+00:00,,False,False,,,,,,,,,4026fbb1d1d049defb1511d3ca483b48,1970,1,1,3,0,,,,,,,,,,
ððªð§ðª,1970-01-01 00:27:37.115130464+00:00,,False,False,,,,,,,,,e657b079a996ea4ac736f86aa6dcf80a,1970,1,1,3,0,,,,,,,,,,
ððªð§ðª,1970-01-01 00:27:37.115126870+00:00,,False,False,,,,,,,,,acb4217a7d5f5c87c95d205c8ef62494,1970,1,1,3,0,,,,,,,,,,
_saturn17white_,1970-01-01 00:27:37.115119067+00:00,,False,False,,,,,,,,,4c15b00f7cf1d6f7a0f7629779769ccc,1970,1,1,3,0,,,,,,,,,,
ððªð§ðª,1970-01-01 00:27:37.115108589+00:00,,False,False,,,,,,,,,45704f55dbf54e7f202e09f480bf2d95,1970,1,1,3,0,,,,,,,,,,
_saturn17white_,1970-01-01 00:27:37.115094713+00:00,,False,False,,,,,,,,,d1d12547825363aaab2ef058ee3ab706,1970,1,1,3,0,,,,,,,,,,
_saturn17white_,1970-01-01 00:27:37.115049601+00:00,,False,False,,,,,,,,,2a0e1c817b5ad8c647a5256e222b12f1,1970,1,1,3,0,,,,,,,,,,
ððªð§ðª,1970-01-01 00:27:37.115043715+00:00,,False,False,,,,,,,,,b958ba1a69889c2e8cc3be7bd40fc209,1970,1,1,3,0,,,,,,,,,,
_saturn17white_,1970-01-01 00:27:37.115027985+00:00,,False,False,,,,,,,,,124e56e3732ff5f1c660a5f7b8be2ca6,1970,1,1,3,0,,,,,,,,,,
ððªð§ðª,1970-01-01 00:27:37.115008509+00:00,,False,False,,,,,,,,,d30f775cfeb699110aeff992337af127,1970,1,1,3,0,,,,,,,,,,
ððªð§ðª,1970-01-01 00:27:37.114998441+00:00,,False,False,,,,,,,,,129b670e2c419a7332f964418bded31b,1970,1,1,3,0,,,,,,,,,,
_saturn17white_,1970-01-01 00:27:37.114972358+00:00,,False,False,,,,,,,,,70e43de2a10c3999ef802e04677c7976,1970,1,1,3,0,,,,,,,,,,
ððªð§ðª,1970-01-01 00:27:37.114945329+00:00,,False,False,,,,,,,,,05fc55e76611e6485677d3acc2996558,1970,1,1,3,0,,,,,,,,,,
ððªð§ðª,1970-01-01 00:27:37.114931436+00:00,,False,False,,,,,,,,,2c1fee1416387ccb14d5564f601f62ed,1970,1,1,3,0,,,,,,,,,,
_saturn17white_,1970-01-01 00:27:37.114909494+00:00,,False,False,,,,,,,,,50e2aebeb2d67925b478fb78841b8345,1970,1,1,3,0,,,,,,,,,,
_saturn17white_,1970-01-01 00:27:37.114907212+00:00,,False,False,,,,,,,,,48eceedb1449b896d682747c5e4fe6ee,1970,1,1,3,0,,,,,,,,,,
ððªð§ðª,1970-01-01 00:27:37.114889141+00:00,,False,False,,,,,,,,,2fa7f34722ac0a278cdd5bc512ec3fb3,1970,1,1,3,0,,,,,,,,,,
_saturn17white_,1970-01-01 00:27:37.114864051+00:00,,False,False,,,,,,,,,3cfbed46680a3d640a2d941bd7039fa3,1970,1,1,3,0,,,,,,,,,,
_saturn17white_,1970-01-01 00:27:37.114859571+00:00,,False,False,,,,,,,,,1e56a139b1755e9180222ad1ea29a60a,1970,1,1,3,0,,,,,,,,,,
_saturn17white_,1970-01-01 00:27:37.114852934+00:00,,False,False,,,,,,,,,4f551f9f7c33c99ff1765c23aacedcbc,1970,1,1,3,0,,,,,,,,,,
ððªð§ðª,1970-01-01 00:27:37.114835983+00:00,,False,False,https://www.facebook.com/B.com,,,,,,,,1048aaacb7cc3338429c5dcda72f0f19,1970,1,1,3,0,,,,,,,,,,
_saturn17white_,1970-01-01 00:27:37.114808442+00:00,,False,False,,,,,,,,,36492e56b1d46bb40ee71150872badec,1970,1,1,3,0,,,,,,,,,,
_saturn17white_,1970-01-01 00:27:37.114799854+00:00,,False,False,,,,,,,,,c95163362cacc7172f0076fb81b3a6a5,1970,1,1,3,0,,,,,,,,,,
_saturn17white_,1970-01-01 00:27:37.114793785+00:00,,False,False,,,,,,,,,e7f7f4647f9738c35f594e9583f4699a,1970,1,1,3,0,,,,,,,,,,
ððªð§ðª,1970-01-01 00:27:37.114781786+00:00,,False,False,,,,,,,,,092b2b7c3b6b381f44f1f6c8f27a2d69,1970,1,1,3,0,,,,,,,,,,
_saturn17white_,1970-01-01 00:27:37.114773692+00:00,,False,False,,,,,,,,,e45b7f1e7ae2015314f57eeab5c6ef78,1970,1,1,3,0,,,,,,,,,,
ððªð§ðª,1970-01-01 00:27:37.114750662+00:00,,False,False,,,,,,,,,0588af83f29dc61766a06ab5269b929e,1970,1,1,3,0,,,,,,,,,,
ððªð§ðª,1970-01-01 00:27:37.114734671+00:00,,False,False,,,,,,,,,00938e308b1f20770cbee4db944e5e9d,1970,1,1,3,0,,,,,,,,,,
ððªð§ðª,1970-01-01 00:27:37.114728513+00:00,,False,False,,,,,,,,,7def8b57ddb060f888980134e469c7b6,1970,1,1,3,0,,,,,,,,,,
ððªð§ðª,1970-01-01 00:27:37.114709973+00:00,,False,False,,,,,,,,,7883b52ee83e14fa4ad5a0a1b701d4b3,1970,1,1,3,0,,,,,,,,,,
_saturn17white_,1970-01-01 00:27:37.114046255+00:00,,False,False,,,,,,,,,df6004dabe1219bf5cbdbf04b38e5fc3,1970,1,1,3,0,,,,,,,,,,
ððªð§ðª,1970-01-01 00:27:37.112473947+00:00,,False,False,,,,,,,,,090055428302a36241048be23adb5d10,1970,1,1,3,0,,,,,,,,,,
ððªð§ðª,1970-01-01 00:27:37.112452373+00:00,,False,False,,,,,,,,,47f5e6ab707e5be8edf866db75999bc3,1970,1,1,3,0,,,,,,,,,,
ððªð§ðª,1970-01-01 00:27:37.112426575+00:00,,False,False,,,,,,,,,165b91d884e7cd86077abf32111286e5,1970,1,1,3,0,,,,,,,,,,
ððªð§ðª,1970-01-01 00:27:37.112420026+00:00,,False,False,,,,,,,,,ddb29fd025ee5e65c800d2f69009c1be,1970,1,1,3,0,,,,,,,,,,
_saturn17white_,1970-01-01 00:27:37.112369560+00:00,,False,False,,,,,,,,,645184ed9f229e7033d786de46ebb72e,1970,1,1,3,0,,,,,,,,,,
ððªð§ðª,1970-01-01 00:27:37.112350174+00:00,,False,False,,,,,,,,,9ec9052171d29d31b0c57c56e2adbc18,1970,1,1,3,0,,,,,,,,,,
_saturn17white_,1970-01-01 00:27:37.112339112+00:00,,False,False,,,,,,,,,9178a76b6a0bca1290935bd8d86b3533,1970,1,1,3,0,,,,,,,,,,
_saturn17white_,1970-01-01 00:27:37.112324093+00:00,,False,False,,,,,,,,,b04557bd1a4440833b9f210cf9d1a57e,1970,1,1,3,0,,,,,,,,,,
ððªð§ðª,1970-01-01 00:27:37.112298301+00:00,,False,False,,,,,,,,,27016ebdff1b9dcdc98586b97c0a4175,1970,1,1,3,0,,,,,,,,,,
ððªð§ðª,1970-01-01 00:27:37.112283898+00:00,,False,False,,,,,,,,,c72292b8c7eab8228264bb87f7290427,1970,1,1,3,0,,,,,,,,,,
_saturn17white_,1970-01-01 00:27:37.112283870+00:00,,False,False,,,,,,,,,c1c0bf7abd83b8c3450b3df86bc1939e,1970,1,1,3,0,,,,,,,,,,
_saturn17white_,1970-01-01 00:27:37.112271730+00:00,,False,False,,,,,,,,,c4c5563653d62b8d60b7adbf688f0548,1970,1,1,3,0,,,,,,,,,,
ððªð§ðª,1970-01-01 00:27:37.112255057+00:00,,False,False,,,,,,,,,701532f4b7b4bc9a79ba2c8390b83ebc,1970,1,1,3,0,,,,,,,,,,
ððªð§ðª,1970-01-01 00:27:37.112252807+00:00,,False,False,,,,,,,,,fe618756047c9594e3e693af432ce906,1970,1,1,3,0,,,,,,,,,,
_saturn17white_,1970-01-01 00:27:37.112248186+00:00,,False,False,,,,,,,,,5c3876d09cd58c718028f473edfc2e06,1970,1,1,3,0,,,,,,,,,,
_saturn17white_,1970-01-01 00:27:37.112242485+00:00,,False,False,,,,,,,,,3076383e2edcf175d8f41c5101e792c8,1970,1,1,3,0,,,,,,,,,,
_saturn17white_,1970-01-01 00:27:37.112239763+00:00,,False,False,,,,,,,,,30f52fd406026a8450cc2f9778db3715,1970,1,1,3,0,,,,,,,,,,
ððªð§ðª,1970-01-01 00:27:37.112234383+00:00,,False,False,,,,,,,,,a0c1944463f53e556ddea6ef27fef8be,1970,1,1,3,0,,,,,,,,,,
_saturn17white_,1970-01-01 00:27:37.112230100+00:00,,False,False,,,,,,,,,c22d34f1827d9c7b30c81a65604b9cbc,1970,1,1,3,0,,,,,,,,,,
ððªð§ðª,1970-01-01 00:27:37.112220174+00:00,,False,False,,,,,,,,,0051ee27b3ce1ba896929e119e86bebc,1970,1,1,3,0,,,,,,,,,,
ððªð§ðª,1970-01-01 00:27:37.112208231+00:00,,False,False,,,,,,,,,2907b183cfa77974d897ef3981b6fddf,1970,1,1,3,0,,,,,,,,,,
_saturn17white_,1970-01-01 00:27:37.112201429+00:00,,False,False,,,,,,,,,cf3b3b89ddbc33c0b19f81eab033e316,1970,1,1,3,0,,,,,,,,,,
_saturn17white_,1970-01-01 00:27:37.112191982+00:00,,False,False,,,,,,,,,68e99a52fabd2c28b224637e65e9b34b,1970,1,1,3,0,,,,,,,,,,
_saturn17white_,1970-01-01 00:27:37.112188104+00:00,,False,False,,,,,,,,,621f5a2cb1b74dd4362e17ddbc406e1a,1970,1,1,3,0,,,,,,,,,,
_saturn17white_,1970-01-01 00:27:37.112171152+00:00,,False,False,,,,,,,,,7edab25d9f6b50ed0bb23266253301dd,1970,1,1,3,0,,,,,,,,,,
ððªð§ðª,1970-01-01 00:27:37.112142575+00:00,,False,False,,,,,,,,,21b6e85f845ee89056381f234370dc12,1970,1,1,3,0,,,,,,,,,,
ððªð§ðª,1970-01-01 00:27:37.112102741+00:00,,False,False,,,,,,,,,d334a57e44863c12ba127e51a0561cb8,1970,1,1,3,0,,,,,,,,,,
_saturn17white_,1970-01-01 00:27:37.112060312+00:00,,False,False,,â¤ï¸,ððªð§ðª,1970-01-01 00:00:01.657112081+00:00,,,,,e19047d92005c152933567cafe3d4d60,1970,1,1,3,0,1970.0,1.0,1.0,3.0,0.0,,,,,
_saturn17white_,1970-01-01 00:27:37.112043101+00:00,,False,False,,,,,,,,,ed6b63abc1906e005dcb1bfeb5da9ae8,1970,1,1,3,0,,,,,,,,,,
_saturn17white_,1970-01-01 00:27:37.112025981+00:00,,False,False,,,,,,,,,f2ec54117230abab994cfd239d0ba0a7,1970,1,1,3,0,,,,,,,,,,
_saturn17white_,1970-01-01 00:27:37.112022696+00:00,,False,False,,,,,,,,,bc0eb54a9a04cefd98f2410a11396477,1970,1,1,3,0,,,,,,,,,,
ððªð§ðª,1970-01-01 00:27:37.111984009+00:00,,False,False,,,,,,,,,fda9fc585739089251b8384ae0466942,1970,1,1,3,0,,,,,,,,,,
_saturn17white_,1970-01-01 00:27:37.111966476+00:00,,False,False,,â¤ï¸,ððªð§ðª,1970-01-01 00:00:01.657111983+00:00,,,,,7802f456ac808408396636ce4b1fb3da,1970,1,1,3,0,1970.0,1.0,1.0,3.0,0.0,,,,,
ððªð§ðª,1970-01-01 00:27:37.111909864+00:00,,False,False,,,,,,,,,cfb95fd046ff85a72da0e020b1e51274,1970,1,1,3,0,,,,,,,,,,
_saturn17white_,1970-01-01 00:27:37.111909497+00:00,,False,False,,,,,,,,,a1b6aa9dbefa118fdefe13e14f67bdd6,1970,1,1,3,0,,,,,,,,,,
ððªð§ðª,1970-01-01 00:27:37.111885877+00:00,,False,False,,,,,,,,,e2685951f6c02af70394a3550426aafe,1970,1,1,3,0,,,,,,,,,,
_saturn17white_,1970-01-01 00:27:37.111872374+00:00,,False,False,,,,,,,,,d8d613ef369f6e81b42ebbc29531a435,1970,1,1,3,0,,,,,,,,,,
_saturn17white_,1970-01-01 00:27:37.111868202+00:00,,False,False,,,,,,,,,5017ced92e2df1b16e715d841e88dac9,1970,1,1,3,0,,,,,,,,,,
_saturn17white_,1970-01-01 00:27:37.111861191+00:00,,False,False,,,,,,,,,3aa3d7bbcbb8b7362c2d5d3e20c4a613,1970,1,1,3,0,,,,,,,,,,
ððªð§ðª,1970-01-01 00:27:37.111792437+00:00,,False,False,,,,,,,,,1c3ebefebbd3da6cf7279cdd3d4dce77,1970,1,1,3,0,,,,,,,,,,
ððªð§ðª,1970-01-01 00:27:37.111778231+00:00,,False,False,,,,,,,,,9fc12d8e52f53fca6ac6f48bc2747b81,1970,1,1,3,0,,,,,,,,,,
_saturn17white_,1970-01-01 00:27:37.111759372+00:00,,False,False,,,,,,,,,c672a30cc53a29c15c7194ab716cc2ce,1970,1,1,3,0,,,,,,,,,,
ððªð§ðª,1970-01-01 00:27:37.111737388+00:00,,False,False,,,,,,,,,0ab7d2c50789cd7248eb97cd0cf4c8d2,1970,1,1,3,0,,,,,,,,,,
_saturn17white_,1970-01-01 00:27:37.111722079+00:00,,False,False,,,,,,,,,6b748b345bcf784d710f7790f5a521ab,1970,1,1,3,0,,,,,,,,,,
_saturn17white_,1970-01-01 00:27:37.111718373+00:00,,False,False,,,,,,,,,0d68032abe78685eea769d5aaa700874,1970,1,1,3,0,,,,,,,,,,
ððªð§ðª,1970-01-01 00:27:37.111710247+00:00,,False,False,,,,,,,your_instagram_activity/messages/inbox/_saturn17white__798228418255038/photos/292100519_456591032968063_6015512534072105650_n_571878577993859.jpg,1970-01-01 00:00:01.657111711+00:00,9e4658f9cd901c0eb9bc05e042ea94c2,1970,1,1,3,0,,,,,,1970.0,1.0,1.0,3.0,0.0
ððªð§ðª,1970-01-01 00:27:37.111707663+00:00,,False,False,,,,,,,your_instagram_activity/messages/inbox/_saturn17white__798228418255038/photos/292239316_1680801842290648_4930479740578774918_n_782015346565536.jpg,1970-01-01 00:00:01.657111709+00:00,1439e706f9cafde8ded298a11d037f63,1970,1,1,3,0,,,,,,1970.0,1.0,1.0,3.0,0.0
_saturn17white_,1970-01-01 00:27:37.111706777+00:00,,False,False,,,,,,,,,d28d4432f4ca127f8438684325913694,1970,1,1,3,0,,,,,,,,,,
ððªð§ðª,1970-01-01 00:27:37.111692717+00:00,,False,False,,,,,,,,,25f8461defb8aa0ecaefe5bb001b7102,1970,1,1,3,0,,,,,,,,,,
_saturn17white_,1970-01-01 00:27:37.111672391+00:00,,False,False,,,,,,,,,14b424494ece104ac21dcc76ee0c2c60,1970,1,1,3,0,,,,,,,,,,
_saturn17white_,1970-01-01 00:27:37.111645176+00:00,,False,False,,,,,,,,,226ae347af6e024d34945a342c6f768f,1970,1,1,3,0,,,,,,,,,,
ððªð§ðª,1970-01-01 00:27:37.111637417+00:00,,False,False,,,,,,,,,5d891f7807dbbc14ee267018c7f239a0,1970,1,1,3,0,,,,,,,,,,
_saturn17white_,1970-01-01 00:27:37.111627154+00:00,,False,False,,,,,,,,,642fdfa5cf3bd3905b9a55df9c003150,1970,1,1,3,0,,,,,,,,,,
ððªð§ðª,1970-01-01 00:27:37.111620286+00:00,,False,False,,,,,,,,,c30dc71ef7c9878c184f01d5a80e885b,1970,1,1,3,0,,,,,,,,,,
_saturn17white_,1970-01-01 00:27:37.111604853+00:00,,False,False,,,,,,,,,73bdfa5295dab44009bfa40839a46565,1970,1,1,3,0,,,,,,,,,,
ððªð§ðª,1970-01-01 00:27:37.111548073+00:00,,False,False,,,,,,,,,69e104f2828288bf9ae4da3f42cb3765,1970,1,1,3,0,,,,,,,,,,
_saturn17white_,1970-01-01 00:27:37.111448320+00:00,,False,False,,,,,,,,,366408003ed441ed9a478b683a648c40,1970,1,1,3,0,,,,,,,,,,
ððªð§ðª,1970-01-01 00:27:37.111023039+00:00,,False,False,,,,,,,,,5e8df206959ceeacb31a627b6747505a,1970,1,1,3,0,,,,,,,,,,
_saturn17white_,1970-01-01 00:27:37.028662935+00:00,,False,False,,,,,,,,,c36b6cd80cd983e694817fe1a50e1dea,1970,1,1,3,0,,,,,,,,,,
ððªð§ðª,1970-01-01 00:27:37.028588678+00:00,,False,False,,â¤ï¸,_saturn17white_,1970-01-01 00:00:01.657028662+00:00,,,,,6dafe620811a127aad2c829b5835c296,1970,1,1,3,0,1970.0,1.0,1.0,3.0,0.0,,,,,
_saturn17white_,1970-01-01 00:27:37.005636854+00:00,,False,False,,,,,,,,,1fa9bbb0a11bedec3afff932816872b2,1970,1,1,3,0,,,,,,,,,,
ððªð§ðª,1970-01-01 00:27:37.005597865+00:00,,False,False,https://www.instagram.com/p/CfjgPBFPhC1/,ð,_saturn17white_,1970-01-01 00:00:01.657005636+00:00,,maskupodu,,,5606d26a9f4e3b2b87dad21c0758d02c,1970,1,1,3,0,1970.0,1.0,1.0,3.0,0.0,,,,,
